uuid,b,g,i_max,id,r,v_rated,x
b84a9f0d-7532-489d-a610-a87acfe4044e,260.75199999999995,0.0,270.0,NAYY 4x150SE 0.6/1kV,0.2067,0.4,0.0804248
