uuid,b,g,i_max,id,r,v_rated,x
83e5d558-4918-47d9-acdc-78fd6bf1d526,260.75199999999995,0.0,270.0,NAYY 4x150SE 0.6/1kV,0.2067,0.4,0.0804248
