uuid,albedo,azimuth,cos_phi_rated,elevation_angle,eta_conv,id,k_g,k_t,market_reaction,node,operates_from,operates_until,operator,q_characteristics,s_rated
bc591c2a-c0b4-43f2-b322-dc8e90b28a19,0.20000000298023224,-8.999500274658203,0.8999999761581421,37.14517593383789,98.0,NS_NET146_F2_(12)_PV,0.8999999761581421,1.0,false,d9acbdee-b64b-41da-bde4-6161a7420958,,,,"cosPhiFixed:{(0.0,0.9)}",10.0
f7e2c22e-3800-4b90-9664-55b818b50a4c,0.20000000298023224,-14.803051948547363,0.8999999761581421,42.391395568847656,96.0,NS_NET146_F4_(12)_PV,0.8999999761581421,1.0,false,927da381-2441-4931-89f0-67fc2062230f,,,,"cosPhiFixed:{(0.0,0.9)}",10.0
3fda2237-4726-4937-b54e-9b1acad3d8cd,0.20000000298023224,3.925752878189087,0.8999999761581421,32.65638732910156,97.0,NS_NET146_F3_(12)_PV,0.8999999761581421,1.0,false,de43d034-e302-4bdb-9cad-1ced99bbe42d,,,,"cosPhiFixed:{(0.0,0.9)}",10.0
25feb311-15e5-4d8a-9cb5-a8585cb72306,0.20000000298023224,4.901591777801514,0.8999999761581421,42.587581634521484,98.0,NS_NET146_F3_(7)_PV,0.8999999761581421,1.0,false,0837da71-6144-45f3-af99-ffa813069500,,,,"cosPhiFixed:{(0.0,0.9)}",30.0
534d24ec-b9f3-4e80-8609-4abfdbd4442f,0.20000000298023224,-0.8097801208496094,0.8999999761581421,41.69758605957031,96.0,NS_NET146_F1_(18)_PV,0.8999999761581421,1.0,false,76410fde-3a71-47ef-9830-86bc2ca39864,,,,"cosPhiFixed:{(0.0,0.9)}",10.0
59d1ae02-e673-48a1-b259-c3c87ff3e28e,0.20000000298023224,5.255863666534424,0.8999999761581421,36.56882858276367,97.0,NS_NET146_F3_(32)_PV,0.8999999761581421,1.0,false,5f5115e6-4b12-4fb4-ad05-1de237b58e7e,,,,"cosPhiFixed:{(0.0,0.9)}",10.0
57569c36-5c09-42c2-b47b-5033596961c0,0.20000000298023224,-1.5687041282653809,0.8999999761581421,43.37920379638672,96.0,NS_NET146_F1_(2000)_PV,0.8999999761581421,1.0,false,d6c092a3-f403-4579-8748-1c3300c90347,,,,"cosPhiFixed:{(0.0,0.9)}",10.0
d7143eb5-dcf2-48c0-90c3-17de478cfa98,0.20000000298023224,-6.537350177764893,0.8999999761581421,33.695167541503906,98.0,NS_NET146_F1_(4)_PV,0.8999999761581421,1.0,false,25014f41-7e8d-4eca-9c47-ca0bd19965ed,,,,"cosPhiFixed:{(0.0,0.9)}",10.0
3dec20ed-b5b5-41ae-8f17-f6fd5bf05b56,0.20000000298023224,9.723748207092285,0.8999999761581421,51.525978088378906,98.0,NS_NET146_F2_(27)_PV,0.8999999761581421,1.0,false,ea0847bf-bea2-473e-a717-9cb9524efe4e,,,,"cosPhiFixed:{(0.0,0.9)}",30.0
