uuid,b_m,d_phi,d_v,g_m,id,r_sc,s_rated,tap_max,tap_min,tap_neutr,tap_side,v_rated_a,v_rated_b,x_sc
7bade981-a9df-4b9c-9f64-45c758d4109e,-9.59174645204332,0.0,2.5,1149.9999999999998,0.16 MVA 20/0.4 kV DOTE 160/20  SGB,36.71874999999999,160.0,2,-2,0,false,20.0,0.4,93.01469452961452
