uuid,capex,cos_phi_rated,cp_characteristic,eta_conv,hub_height,id,opex,rotor_area,s_rated
2898ec1e-f6ce-46b7-b331-23bebe4b63b6,0.0,0.9,"cP:{(0.0,0.0),(1.0,0.0),(2.0,0.115933516),(3.0,0.286255595),(4.0,0.39610618),(5.0,0.430345211),(6.0,0.45944023),(7.0,0.479507331),(8.0,0.492113623),(9.0,0.500417188),(10.0,0.488466547),(11.0,0.420415054),(12.0,0.354241299),(13.0,0.288470591),(14.0,0.230965702),(15.0,0.18778367),(16.0,0.154728976),(17.0,0.128998552),(18.0,0.108671106),(19.0,0.09239975),(20.0,0.079221236),(21.0,0.068434282),(22.0,0.059520087),(23.0,0.052089249),(24.0,0.045845623),(25.0,0.040561273),(26.0,0.036058824),(27.0,0.032198846),(28.0,0.016618264),(29.0,0.010330976),(30.0,0.006091519),(31.0,0.003331177),(32.0,0.001641637),(33.0,7.05423E-4),(34.0,1.96644E-4),(35.0,0.0),(36.0,0.0),(37.0,0.0),(38.0,0.0),(39.0,0.0),(40.0,0.0),(41.0,0.0),(42.0,0.0),(43.0,0.0),(44.0,0.0),(45.0,0.0),(46.0,0.0),(47.0,0.0),(48.0,0.0),(49.0,0.0),(50.0,0.0)}",100.0,98.0,EnerconE-82,0.0,5281.02,2222.2
