time,price
2025-01-01T00:00:00Z,2.16
2025-01-01T01:00:00Z,1.6
2025-01-01T02:00:00Z,0.0
2025-01-01T03:00:00Z,-0.01
2025-01-01T04:00:00Z,-0.01
2025-01-01T05:00:00Z,-0.06
2025-01-01T06:00:00Z,-0.09
2025-01-01T07:00:00Z,-0.01
2025-01-01T08:00:00Z,-0.01
2025-01-01T09:00:00Z,-0.04
2025-01-01T10:00:00Z,-0.03
2025-01-01T11:00:00Z,-0.1
2025-01-01T12:00:00Z,-0.05
2025-01-01T13:00:00Z,-0.1
2025-01-01T14:00:00Z,-1.01
2025-01-01T15:00:00Z,-0.01
2025-01-01T16:00:00Z,-0.01
2025-01-01T17:00:00Z,0.07
2025-01-01T18:00:00Z,1.01
2025-01-01T19:00:00Z,1.48
2025-01-01T20:00:00Z,1.0
2025-01-01T21:00:00Z,0.07
2025-01-01T22:00:00Z,10.05
2025-01-01T23:00:00Z,7.01
2025-01-02T00:00:00Z,2.55
2025-01-02T01:00:00Z,1.56
2025-01-02T02:00:00Z,3.45
2025-01-02T03:00:00Z,7.02
2025-01-02T04:00:00Z,12.75
2025-01-02T05:00:00Z,30.07
2025-01-02T06:00:00Z,67.13
2025-01-02T07:00:00Z,98.83
2025-01-02T08:00:00Z,121.53
2025-01-02T09:00:00Z,127.23
2025-01-02T10:00:00Z,126.35
2025-01-02T11:00:00Z,119.97
2025-01-02T12:00:00Z,115.95
2025-01-02T13:00:00Z,113.9
2025-01-02T14:00:00Z,122.21
2025-01-02T15:00:00Z,130.11
2025-01-02T16:00:00Z,138.59
2025-01-02T17:00:00Z,152.87
2025-01-02T18:00:00Z,152.94
2025-01-02T19:00:00Z,139.15
2025-01-02T20:00:00Z,130.0
2025-01-02T21:00:00Z,119.78
2025-01-02T22:00:00Z,113.42
2025-01-02T23:00:00Z,82.47
2025-01-03T00:00:00Z,99.56
2025-01-03T01:00:00Z,87.53
2025-01-03T02:00:00Z,85.01
2025-01-03T03:00:00Z,83.79
2025-01-03T04:00:00Z,77.5
2025-01-03T05:00:00Z,79.88
2025-01-03T06:00:00Z,83.56
2025-01-03T07:00:00Z,78.43
2025-01-03T08:00:00Z,82.57
2025-01-03T09:00:00Z,80.76
2025-01-03T10:00:00Z,77.64
2025-01-03T11:00:00Z,70.48
2025-01-03T12:00:00Z,69.94
2025-01-03T13:00:00Z,77.8
2025-01-03T14:00:00Z,78.81
2025-01-03T15:00:00Z,85.29
2025-01-03T16:00:00Z,105.51
2025-01-03T17:00:00Z,116.66
2025-01-03T18:00:00Z,115.06
2025-01-03T19:00:00Z,114.91
2025-01-03T20:00:00Z,113.3
2025-01-03T21:00:00Z,107.8
2025-01-03T22:00:00Z,98.22
2025-01-03T23:00:00Z,88.57
2025-01-04T00:00:00Z,90.43
2025-01-04T01:00:00Z,90.29
2025-01-04T02:00:00Z,90.2
2025-01-04T03:00:00Z,91.52
2025-01-04T04:00:00Z,95.95
2025-01-04T05:00:00Z,102.11
2025-01-04T06:00:00Z,110.66
2025-01-04T07:00:00Z,119.96
2025-01-04T08:00:00Z,128.39
2025-01-04T09:00:00Z,130.75
2025-01-04T10:00:00Z,130.34
2025-01-04T11:00:00Z,128.29
2025-01-04T12:00:00Z,130.03
2025-01-04T13:00:00Z,129.85
2025-01-04T14:00:00Z,136.4
2025-01-04T15:00:00Z,138.72
2025-01-04T16:00:00Z,142.0
2025-01-04T17:00:00Z,151.24
2025-01-04T18:00:00Z,143.85
2025-01-04T19:00:00Z,137.96
2025-01-04T20:00:00Z,129.49
2025-01-04T21:00:00Z,122.83
2025-01-04T22:00:00Z,118.29
2025-01-04T23:00:00Z,109.49
2025-01-05T00:00:00Z,113.84
2025-01-05T01:00:00Z,100.33
2025-01-05T02:00:00Z,93.61
2025-01-05T03:00:00Z,93.87
2025-01-05T04:00:00Z,89.38
2025-01-05T05:00:00Z,83.55
2025-01-05T06:00:00Z,83.92
2025-01-05T07:00:00Z,82.53
2025-01-05T08:00:00Z,84.05
2025-01-05T09:00:00Z,89.15
2025-01-05T10:00:00Z,82.95
2025-01-05T11:00:00Z,88.82
2025-01-05T12:00:00Z,81.66
2025-01-05T13:00:00Z,78.39
2025-01-05T14:00:00Z,68.0
2025-01-05T15:00:00Z,50.64
2025-01-05T16:00:00Z,49.91
2025-01-05T17:00:00Z,66.3
2025-01-05T18:00:00Z,65.05
2025-01-05T19:00:00Z,51.28
2025-01-05T20:00:00Z,36.85
2025-01-05T21:00:00Z,36.8
2025-01-05T22:00:00Z,34.68
2025-01-05T23:00:00Z,28.14
2025-01-06T00:00:00Z,27.52
2025-01-06T01:00:00Z,19.26
2025-01-06T02:00:00Z,11.35
2025-01-06T03:00:00Z,9.2
2025-01-06T04:00:00Z,10.0
2025-01-06T05:00:00Z,14.81
2025-01-06T06:00:00Z,23.82
2025-01-06T07:00:00Z,31.72
2025-01-06T08:00:00Z,41.37
2025-01-06T09:00:00Z,36.36
2025-01-06T10:00:00Z,34.69
2025-01-06T11:00:00Z,32.83
2025-01-06T12:00:00Z,31.28
2025-01-06T13:00:00Z,28.6
2025-01-06T14:00:00Z,25.61
2025-01-06T15:00:00Z,26.32
2025-01-06T16:00:00Z,26.87
2025-01-06T17:00:00Z,31.66
2025-01-06T18:00:00Z,31.58
2025-01-06T19:00:00Z,28.74
2025-01-06T20:00:00Z,26.59
2025-01-06T21:00:00Z,13.82
2025-01-06T22:00:00Z,26.94
2025-01-06T23:00:00Z,12.99
2025-01-07T00:00:00Z,19.07
2025-01-07T01:00:00Z,8.71
2025-01-07T02:00:00Z,8.9
2025-01-07T03:00:00Z,5.01
2025-01-07T04:00:00Z,5.13
2025-01-07T05:00:00Z,5.8
2025-01-07T06:00:00Z,48.86
2025-01-07T07:00:00Z,76.83
2025-01-07T08:00:00Z,85.08
2025-01-07T09:00:00Z,84.24
2025-01-07T10:00:00Z,75.25
2025-01-07T11:00:00Z,62.8
2025-01-07T12:00:00Z,62.44
2025-01-07T13:00:00Z,63.9
2025-01-07T14:00:00Z,72.56
2025-01-07T15:00:00Z,78.11
2025-01-07T16:00:00Z,79.98
2025-01-07T17:00:00Z,96.03
2025-01-07T18:00:00Z,101.11
2025-01-07T19:00:00Z,86.21
2025-01-07T20:00:00Z,78.01
2025-01-07T21:00:00Z,72.45
2025-01-07T22:00:00Z,72.45
2025-01-07T23:00:00Z,50.04
2025-01-08T00:00:00Z,71.05
2025-01-08T01:00:00Z,68.01
2025-01-08T02:00:00Z,63.34
2025-01-08T03:00:00Z,57.01
2025-01-08T04:00:00Z,66.29
2025-01-08T05:00:00Z,72.07
2025-01-08T06:00:00Z,82.7
2025-01-08T07:00:00Z,100.73
2025-01-08T08:00:00Z,128.22
2025-01-08T09:00:00Z,108.18
2025-01-08T10:00:00Z,94.65
2025-01-08T11:00:00Z,100.01
2025-01-08T12:00:00Z,89.99
2025-01-08T13:00:00Z,97.2
2025-01-08T14:00:00Z,110.19
2025-01-08T15:00:00Z,127.8
2025-01-08T16:00:00Z,135.82
2025-01-08T17:00:00Z,155.46
2025-01-08T18:00:00Z,149.23
2025-01-08T19:00:00Z,146.48
2025-01-08T20:00:00Z,136.86
2025-01-08T21:00:00Z,127.86
2025-01-08T22:00:00Z,115.92
2025-01-08T23:00:00Z,103.59
2025-01-09T00:00:00Z,101.44
2025-01-09T01:00:00Z,100.0
2025-01-09T02:00:00Z,98.77
2025-01-09T03:00:00Z,95.22
2025-01-09T04:00:00Z,98.28
2025-01-09T05:00:00Z,102.65
2025-01-09T06:00:00Z,133.54
2025-01-09T07:00:00Z,148.8
2025-01-09T08:00:00Z,164.88
2025-01-09T09:00:00Z,156.15
2025-01-09T10:00:00Z,147.64
2025-01-09T11:00:00Z,140.21
2025-01-09T12:00:00Z,128.18
2025-01-09T13:00:00Z,121.15
2025-01-09T14:00:00Z,123.95
2025-01-09T15:00:00Z,127.53
2025-01-09T16:00:00Z,123.75
2025-01-09T17:00:00Z,130.91
2025-01-09T18:00:00Z,134.75
2025-01-09T19:00:00Z,125.44
2025-01-09T20:00:00Z,119.23
2025-01-09T21:00:00Z,104.99
2025-01-09T22:00:00Z,101.1
2025-01-09T23:00:00Z,88.19
2025-01-10T00:00:00Z,84.79
2025-01-10T01:00:00Z,80.23
2025-01-10T02:00:00Z,71.29
2025-01-10T03:00:00Z,69.05
2025-01-10T04:00:00Z,69.89
2025-01-10T05:00:00Z,83.9
2025-01-10T06:00:00Z,99.09
2025-01-10T07:00:00Z,123.92
2025-01-10T08:00:00Z,139.47
2025-01-10T09:00:00Z,136.92
2025-01-10T10:00:00Z,123.57
2025-01-10T11:00:00Z,113.59
2025-01-10T12:00:00Z,107.43
2025-01-10T13:00:00Z,105.01
2025-01-10T14:00:00Z,110.01
2025-01-10T15:00:00Z,128.69
2025-01-10T16:00:00Z,134.87
2025-01-10T17:00:00Z,142.56
2025-01-10T18:00:00Z,144.12
2025-01-10T19:00:00Z,141.05
2025-01-10T20:00:00Z,134.82
2025-01-10T21:00:00Z,122.51
2025-01-10T22:00:00Z,119.77
2025-01-10T23:00:00Z,111.71
2025-01-11T00:00:00Z,106.64
2025-01-11T01:00:00Z,98.99
2025-01-11T02:00:00Z,95.71
2025-01-11T03:00:00Z,89.45
2025-01-11T04:00:00Z,88.35
2025-01-11T05:00:00Z,88.4
2025-01-11T06:00:00Z,88.13
2025-01-11T07:00:00Z,94.68
2025-01-11T08:00:00Z,107.65
2025-01-11T09:00:00Z,103.14
2025-01-11T10:00:00Z,101.13
2025-01-11T11:00:00Z,99.56
2025-01-11T12:00:00Z,96.74
2025-01-11T13:00:00Z,93.15
2025-01-11T14:00:00Z,94.9
2025-01-11T15:00:00Z,104.89
2025-01-11T16:00:00Z,112.12
2025-01-11T17:00:00Z,119.8
2025-01-11T18:00:00Z,122.34
2025-01-11T19:00:00Z,114.85
2025-01-11T20:00:00Z,111.19
2025-01-11T21:00:00Z,104.8
2025-01-11T22:00:00Z,103.07
2025-01-11T23:00:00Z,105.69
2025-01-12T00:00:00Z,83.58
2025-01-12T01:00:00Z,83.79
2025-01-12T02:00:00Z,86.75
2025-01-12T03:00:00Z,84.2
2025-01-12T04:00:00Z,85.0
2025-01-12T05:00:00Z,83.75
2025-01-12T06:00:00Z,85.9
2025-01-12T07:00:00Z,101.75
2025-01-12T08:00:00Z,114.67
2025-01-12T09:00:00Z,120.07
2025-01-12T10:00:00Z,117.77
2025-01-12T11:00:00Z,105.61
2025-01-12T12:00:00Z,102.99
2025-01-12T13:00:00Z,99.61
2025-01-12T14:00:00Z,104.74
2025-01-12T15:00:00Z,118.7
2025-01-12T16:00:00Z,132.92
2025-01-12T17:00:00Z,141.0
2025-01-12T18:00:00Z,146.66
2025-01-12T19:00:00Z,143.66
2025-01-12T20:00:00Z,134.86
2025-01-12T21:00:00Z,127.49
2025-01-12T22:00:00Z,121.2
2025-01-12T23:00:00Z,114.9
2025-01-13T00:00:00Z,112.39
2025-01-13T01:00:00Z,105.07
2025-01-13T02:00:00Z,104.46
2025-01-13T03:00:00Z,100.37
2025-01-13T04:00:00Z,100.0
2025-01-13T05:00:00Z,110.11
2025-01-13T06:00:00Z,140.28
2025-01-13T07:00:00Z,181.92
2025-01-13T08:00:00Z,223.09
2025-01-13T09:00:00Z,174.09
2025-01-13T10:00:00Z,141.69
2025-01-13T11:00:00Z,115.73
2025-01-13T12:00:00Z,104.1
2025-01-13T13:00:00Z,103.04
2025-01-13T14:00:00Z,104.67
2025-01-13T15:00:00Z,138.2
2025-01-13T16:00:00Z,142.62
2025-01-13T17:00:00Z,149.0
2025-01-13T18:00:00Z,149.0
2025-01-13T19:00:00Z,139.73
2025-01-13T20:00:00Z,123.18
2025-01-13T21:00:00Z,120.22
2025-01-13T22:00:00Z,115.57
2025-01-13T23:00:00Z,102.31
2025-01-14T00:00:00Z,106.38
2025-01-14T01:00:00Z,103.7
2025-01-14T02:00:00Z,99.08
2025-01-14T03:00:00Z,97.99
2025-01-14T04:00:00Z,101.88
2025-01-14T05:00:00Z,107.64
2025-01-14T06:00:00Z,123.4
2025-01-14T07:00:00Z,156.62
2025-01-14T08:00:00Z,184.03
2025-01-14T09:00:00Z,151.86
2025-01-14T10:00:00Z,117.62
2025-01-14T11:00:00Z,109.31
2025-01-14T12:00:00Z,103.11
2025-01-14T13:00:00Z,108.11
2025-01-14T14:00:00Z,115.35
2025-01-14T15:00:00Z,125.35
2025-01-14T16:00:00Z,141.97
2025-01-14T17:00:00Z,165.86
2025-01-14T18:00:00Z,170.07
2025-01-14T19:00:00Z,158.38
2025-01-14T20:00:00Z,135.46
2025-01-14T21:00:00Z,117.69
2025-01-14T22:00:00Z,121.0
2025-01-14T23:00:00Z,121.76
2025-01-15T00:00:00Z,108.28
2025-01-15T01:00:00Z,107.72
2025-01-15T02:00:00Z,108.41
2025-01-15T03:00:00Z,108.04
2025-01-15T04:00:00Z,108.75
2025-01-15T05:00:00Z,114.92
2025-01-15T06:00:00Z,134.49
2025-01-15T07:00:00Z,191.79
2025-01-15T08:00:00Z,307.24
2025-01-15T09:00:00Z,315.02
2025-01-15T10:00:00Z,311.03
2025-01-15T11:00:00Z,304.8
2025-01-15T12:00:00Z,311.02
2025-01-15T13:00:00Z,309.34
2025-01-15T14:00:00Z,285.83
2025-01-15T15:00:00Z,301.74
2025-01-15T16:00:00Z,333.52
2025-01-15T17:00:00Z,377.99
2025-01-15T18:00:00Z,324.74
2025-01-15T19:00:00Z,270.09
2025-01-15T20:00:00Z,181.66
2025-01-15T21:00:00Z,150.87
2025-01-15T22:00:00Z,141.16
2025-01-15T23:00:00Z,123.9
2025-01-16T00:00:00Z,126.33
2025-01-16T01:00:00Z,119.12
2025-01-16T02:00:00Z,117.62
2025-01-16T03:00:00Z,115.03
2025-01-16T04:00:00Z,115.75
2025-01-16T05:00:00Z,123.27
2025-01-16T06:00:00Z,138.7
2025-01-16T07:00:00Z,173.04
2025-01-16T08:00:00Z,199.65
2025-01-16T09:00:00Z,175.0
2025-01-16T10:00:00Z,151.9
2025-01-16T11:00:00Z,140.64
2025-01-16T12:00:00Z,131.13
2025-01-16T13:00:00Z,130.58
2025-01-16T14:00:00Z,138.42
2025-01-16T15:00:00Z,163.04
2025-01-16T16:00:00Z,179.2
2025-01-16T17:00:00Z,191.56
2025-01-16T18:00:00Z,184.32
2025-01-16T19:00:00Z,179.97
2025-01-16T20:00:00Z,159.6
2025-01-16T21:00:00Z,141.6
2025-01-16T22:00:00Z,135.29
2025-01-16T23:00:00Z,123.75
2025-01-17T00:00:00Z,118.87
2025-01-17T01:00:00Z,118.39
2025-01-17T02:00:00Z,115.71
2025-01-17T03:00:00Z,114.72
2025-01-17T04:00:00Z,115.48
2025-01-17T05:00:00Z,122.16
2025-01-17T06:00:00Z,140.8
2025-01-17T07:00:00Z,175.01
2025-01-17T08:00:00Z,208.13
2025-01-17T09:00:00Z,175.34
2025-01-17T10:00:00Z,158.0
2025-01-17T11:00:00Z,140.73
2025-01-17T12:00:00Z,126.44
2025-01-17T13:00:00Z,124.03
2025-01-17T14:00:00Z,132.99
2025-01-17T15:00:00Z,151.98
2025-01-17T16:00:00Z,170.21
2025-01-17T17:00:00Z,178.79
2025-01-17T18:00:00Z,179.92
2025-01-17T19:00:00Z,174.22
2025-01-17T20:00:00Z,157.91
2025-01-17T21:00:00Z,145.0
2025-01-17T22:00:00Z,139.97
2025-01-17T23:00:00Z,126.84
2025-01-18T00:00:00Z,125.29
2025-01-18T01:00:00Z,121.05
2025-01-18T02:00:00Z,120.98
2025-01-18T03:00:00Z,118.85
2025-01-18T04:00:00Z,116.46
2025-01-18T05:00:00Z,119.77
2025-01-18T06:00:00Z,119.75
2025-01-18T07:00:00Z,133.39
2025-01-18T08:00:00Z,145.63
2025-01-18T09:00:00Z,144.1
2025-01-18T10:00:00Z,131.21
2025-01-18T11:00:00Z,121.56
2025-01-18T12:00:00Z,118.87
2025-01-18T13:00:00Z,115.01
2025-01-18T14:00:00Z,119.32
2025-01-18T15:00:00Z,133.32
2025-01-18T16:00:00Z,149.71
2025-01-18T17:00:00Z,164.59
2025-01-18T18:00:00Z,167.57
2025-01-18T19:00:00Z,167.85
2025-01-18T20:00:00Z,156.12
2025-01-18T21:00:00Z,143.42
2025-01-18T22:00:00Z,136.4
2025-01-18T23:00:00Z,129.36
2025-01-19T00:00:00Z,129.73
2025-01-19T01:00:00Z,124.2
2025-01-19T02:00:00Z,123.05
2025-01-19T03:00:00Z,121.24
2025-01-19T04:00:00Z,120.18
2025-01-19T05:00:00Z,120.0
2025-01-19T06:00:00Z,121.57
2025-01-19T07:00:00Z,123.33
2025-01-19T08:00:00Z,123.6
2025-01-19T09:00:00Z,125.16
2025-01-19T10:00:00Z,125.19
2025-01-19T11:00:00Z,121.56
2025-01-19T12:00:00Z,112.25
2025-01-19T13:00:00Z,107.51
2025-01-19T14:00:00Z,116.81
2025-01-19T15:00:00Z,126.29
2025-01-19T16:00:00Z,140.15
2025-01-19T17:00:00Z,149.67
2025-01-19T18:00:00Z,159.04
2025-01-19T19:00:00Z,156.6
2025-01-19T20:00:00Z,149.06
2025-01-19T21:00:00Z,139.26
2025-01-19T22:00:00Z,130.99
2025-01-19T23:00:00Z,122.94
2025-01-20T00:00:00Z,122.27
2025-01-20T01:00:00Z,119.44
2025-01-20T02:00:00Z,116.56
2025-01-20T03:00:00Z,114.41
2025-01-20T04:00:00Z,115.45
2025-01-20T05:00:00Z,127.54
2025-01-20T06:00:00Z,161.71
2025-01-20T07:00:00Z,276.48
2025-01-20T08:00:00Z,431.99
2025-01-20T09:00:00Z,291.7
2025-01-20T10:00:00Z,236.29
2025-01-20T11:00:00Z,187.48
2025-01-20T12:00:00Z,176.0
2025-01-20T13:00:00Z,171.39
2025-01-20T14:00:00Z,191.85
2025-01-20T15:00:00Z,277.17
2025-01-20T16:00:00Z,402.12
2025-01-20T17:00:00Z,583.4
2025-01-20T18:00:00Z,473.28
2025-01-20T19:00:00Z,295.57
2025-01-20T20:00:00Z,220.0
2025-01-20T21:00:00Z,170.0
2025-01-20T22:00:00Z,152.51
2025-01-20T23:00:00Z,137.98
2025-01-21T00:00:00Z,127.52
2025-01-21T01:00:00Z,121.65
2025-01-21T02:00:00Z,116.67
2025-01-21T03:00:00Z,113.86
2025-01-21T04:00:00Z,113.54
2025-01-21T05:00:00Z,122.34
2025-01-21T06:00:00Z,142.2
2025-01-21T07:00:00Z,190.06
2025-01-21T08:00:00Z,248.32
2025-01-21T09:00:00Z,211.68
2025-01-21T10:00:00Z,198.05
2025-01-21T11:00:00Z,161.5
2025-01-21T12:00:00Z,147.44
2025-01-21T13:00:00Z,142.83
2025-01-21T14:00:00Z,150.05
2025-01-21T15:00:00Z,173.43
2025-01-21T16:00:00Z,212.13
2025-01-21T17:00:00Z,301.15
2025-01-21T18:00:00Z,251.93
2025-01-21T19:00:00Z,202.68
2025-01-21T20:00:00Z,174.84
2025-01-21T21:00:00Z,155.19
2025-01-21T22:00:00Z,138.6
2025-01-21T23:00:00Z,125.29
2025-01-22T00:00:00Z,128.0
2025-01-22T01:00:00Z,125.06
2025-01-22T02:00:00Z,122.22
2025-01-22T03:00:00Z,121.66
2025-01-22T04:00:00Z,123.16
2025-01-22T05:00:00Z,128.32
2025-01-22T06:00:00Z,156.92
2025-01-22T07:00:00Z,208.25
2025-01-22T08:00:00Z,238.6
2025-01-22T09:00:00Z,199.41
2025-01-22T10:00:00Z,179.06
2025-01-22T11:00:00Z,172.94
2025-01-22T12:00:00Z,165.0
2025-01-22T13:00:00Z,170.0
2025-01-22T14:00:00Z,179.92
2025-01-22T15:00:00Z,195.67
2025-01-22T16:00:00Z,199.04
2025-01-22T17:00:00Z,208.99
2025-01-22T18:00:00Z,180.43
2025-01-22T19:00:00Z,167.08
2025-01-22T20:00:00Z,134.49
2025-01-22T21:00:00Z,127.78
2025-01-22T22:00:00Z,128.09
2025-01-22T23:00:00Z,114.68
2025-01-23T00:00:00Z,113.7
2025-01-23T01:00:00Z,108.88
2025-01-23T02:00:00Z,105.58
2025-01-23T03:00:00Z,100.01
2025-01-23T04:00:00Z,97.59
2025-01-23T05:00:00Z,100.01
2025-01-23T06:00:00Z,106.41
2025-01-23T07:00:00Z,136.6
2025-01-23T08:00:00Z,159.03
2025-01-23T09:00:00Z,155.42
2025-01-23T10:00:00Z,130.94
2025-01-23T11:00:00Z,116.1
2025-01-23T12:00:00Z,94.93
2025-01-23T13:00:00Z,88.56
2025-01-23T14:00:00Z,85.86
2025-01-23T15:00:00Z,89.8
2025-01-23T16:00:00Z,89.87
2025-01-23T17:00:00Z,106.75
2025-01-23T18:00:00Z,112.0
2025-01-23T19:00:00Z,101.87
2025-01-23T20:00:00Z,86.36
2025-01-23T21:00:00Z,74.28
2025-01-23T22:00:00Z,75.68
2025-01-23T23:00:00Z,58.23
2025-01-24T00:00:00Z,69.03
2025-01-24T01:00:00Z,58.16
2025-01-24T02:00:00Z,45.05
2025-01-24T03:00:00Z,40.6
2025-01-24T04:00:00Z,50.17
2025-01-24T05:00:00Z,73.2
2025-01-24T06:00:00Z,85.44
2025-01-24T07:00:00Z,109.16
2025-01-24T08:00:00Z,116.23
2025-01-24T09:00:00Z,96.34
2025-01-24T10:00:00Z,88.9
2025-01-24T11:00:00Z,78.44
2025-01-24T12:00:00Z,76.48
2025-01-24T13:00:00Z,74.69
2025-01-24T14:00:00Z,74.51
2025-01-24T15:00:00Z,74.51
2025-01-24T16:00:00Z,75.25
2025-01-24T17:00:00Z,83.02
2025-01-24T18:00:00Z,88.59
2025-01-24T19:00:00Z,91.78
2025-01-24T20:00:00Z,84.99
2025-01-24T21:00:00Z,80.79
2025-01-24T22:00:00Z,91.97
2025-01-24T23:00:00Z,86.29
2025-01-25T00:00:00Z,59.04
2025-01-25T01:00:00Z,64.96
2025-01-25T02:00:00Z,63.55
2025-01-25T03:00:00Z,67.17
2025-01-25T04:00:00Z,76.77
2025-01-25T05:00:00Z,76.89
2025-01-25T06:00:00Z,79.32
2025-01-25T07:00:00Z,76.89
2025-01-25T08:00:00Z,88.99
2025-01-25T09:00:00Z,87.31
2025-01-25T10:00:00Z,86.32
2025-01-25T11:00:00Z,88.15
2025-01-25T12:00:00Z,82.55
2025-01-25T13:00:00Z,81.98
2025-01-25T14:00:00Z,89.0
2025-01-25T15:00:00Z,111.07
2025-01-25T16:00:00Z,132.97
2025-01-25T17:00:00Z,145.85
2025-01-25T18:00:00Z,151.0
2025-01-25T19:00:00Z,147.53
2025-01-25T20:00:00Z,137.6
2025-01-25T21:00:00Z,134.61
2025-01-25T22:00:00Z,132.26
2025-01-25T23:00:00Z,122.03
2025-01-26T00:00:00Z,126.21
2025-01-26T01:00:00Z,115.79
2025-01-26T02:00:00Z,111.3
2025-01-26T03:00:00Z,106.85
2025-01-26T04:00:00Z,105.43
2025-01-26T05:00:00Z,107.86
2025-01-26T06:00:00Z,110.6
2025-01-26T07:00:00Z,117.62
2025-01-26T08:00:00Z,124.17
2025-01-26T09:00:00Z,121.97
2025-01-26T10:00:00Z,105.51
2025-01-26T11:00:00Z,102.57
2025-01-26T12:00:00Z,96.73
2025-01-26T13:00:00Z,90.02
2025-01-26T14:00:00Z,92.52
2025-01-26T15:00:00Z,111.63
2025-01-26T16:00:00Z,125.92
2025-01-26T17:00:00Z,132.77
2025-01-26T18:00:00Z,118.94
2025-01-26T19:00:00Z,90.32
2025-01-26T20:00:00Z,78.93
2025-01-26T21:00:00Z,68.26
2025-01-26T22:00:00Z,49.25
2025-01-26T23:00:00Z,23.89
2025-01-27T00:00:00Z,40.14
2025-01-27T01:00:00Z,35.26
2025-01-27T02:00:00Z,26.38
2025-01-27T03:00:00Z,14.07
2025-01-27T04:00:00Z,10.1
2025-01-27T05:00:00Z,21.52
2025-01-27T06:00:00Z,34.1
2025-01-27T07:00:00Z,56.99
2025-01-27T08:00:00Z,71.76
2025-01-27T09:00:00Z,62.96
2025-01-27T10:00:00Z,45.57
2025-01-27T11:00:00Z,40.11
2025-01-27T12:00:00Z,35.66
2025-01-27T13:00:00Z,38.37
2025-01-27T14:00:00Z,53.95
2025-01-27T15:00:00Z,86.79
2025-01-27T16:00:00Z,102.46
2025-01-27T17:00:00Z,118.56
2025-01-27T18:00:00Z,118.67
2025-01-27T19:00:00Z,100.05
2025-01-27T20:00:00Z,94.07
2025-01-27T21:00:00Z,85.08
2025-01-27T22:00:00Z,82.26
2025-01-27T23:00:00Z,69.28
2025-01-28T00:00:00Z,76.92
2025-01-28T01:00:00Z,71.53
2025-01-28T02:00:00Z,57.33
2025-01-28T03:00:00Z,69.28
2025-01-28T04:00:00Z,76.92
2025-01-28T05:00:00Z,77.59
2025-01-28T06:00:00Z,98.22
2025-01-28T07:00:00Z,125.45
2025-01-28T08:00:00Z,147.5
2025-01-28T09:00:00Z,135.3
2025-01-28T10:00:00Z,120.53
2025-01-28T11:00:00Z,116.34
2025-01-28T12:00:00Z,114.75
2025-01-28T13:00:00Z,117.39
2025-01-28T14:00:00Z,121.33
2025-01-28T15:00:00Z,139.91
2025-01-28T16:00:00Z,147.0
2025-01-28T17:00:00Z,149.6
2025-01-28T18:00:00Z,134.94
2025-01-28T19:00:00Z,128.9
2025-01-28T20:00:00Z,94.76
2025-01-28T21:00:00Z,87.26
2025-01-28T22:00:00Z,79.8
2025-01-28T23:00:00Z,64.43
2025-01-29T00:00:00Z,87.72
2025-01-29T01:00:00Z,83.39
2025-01-29T02:00:00Z,78.16
2025-01-29T03:00:00Z,75.64
2025-01-29T04:00:00Z,79.01
2025-01-29T05:00:00Z,86.98
2025-01-29T06:00:00Z,93.14
2025-01-29T07:00:00Z,141.42
2025-01-29T08:00:00Z,142.54
2025-01-29T09:00:00Z,130.45
2025-01-29T10:00:00Z,105.05
2025-01-29T11:00:00Z,89.25
2025-01-29T12:00:00Z,85.0
2025-01-29T13:00:00Z,85.53
2025-01-29T14:00:00Z,87.67
2025-01-29T15:00:00Z,102.75
2025-01-29T16:00:00Z,132.66
2025-01-29T17:00:00Z,149.57
2025-01-29T18:00:00Z,150.09
2025-01-29T19:00:00Z,146.3
2025-01-29T20:00:00Z,131.95
2025-01-29T21:00:00Z,119.65
2025-01-29T22:00:00Z,111.99
2025-01-29T23:00:00Z,99.33
2025-01-30T00:00:00Z,92.41
2025-01-30T01:00:00Z,92.43
2025-01-30T02:00:00Z,93.33
2025-01-30T03:00:00Z,92.95
2025-01-30T04:00:00Z,92.43
2025-01-30T05:00:00Z,108.65
2025-01-30T06:00:00Z,139.83
2025-01-30T07:00:00Z,152.64
2025-01-30T08:00:00Z,160.3
2025-01-30T09:00:00Z,151.51
2025-01-30T10:00:00Z,135.09
2025-01-30T11:00:00Z,123.25
2025-01-30T12:00:00Z,115.89
2025-01-30T13:00:00Z,113.3
2025-01-30T14:00:00Z,129.41
2025-01-30T15:00:00Z,153.22
2025-01-30T16:00:00Z,160.87
2025-01-30T17:00:00Z,180.36
2025-01-30T18:00:00Z,176.58
2025-01-30T19:00:00Z,161.28
2025-01-30T20:00:00Z,150.2
2025-01-30T21:00:00Z,134.17
2025-01-30T22:00:00Z,126.46
2025-01-30T23:00:00Z,120.2
2025-01-31T00:00:00Z,120.0
2025-01-31T01:00:00Z,117.08
2025-01-31T02:00:00Z,113.89
2025-01-31T03:00:00Z,113.12
2025-01-31T04:00:00Z,115.98
2025-01-31T05:00:00Z,120.74
2025-01-31T06:00:00Z,131.87
2025-01-31T07:00:00Z,157.97
2025-01-31T08:00:00Z,163.7
2025-01-31T09:00:00Z,154.82
2025-01-31T10:00:00Z,130.1
2025-01-31T11:00:00Z,126.2
2025-01-31T12:00:00Z,120.06
2025-01-31T13:00:00Z,121.19
2025-01-31T14:00:00Z,119.76
2025-01-31T15:00:00Z,149.87
2025-01-31T16:00:00Z,168.26
2025-01-31T17:00:00Z,185.26
2025-01-31T18:00:00Z,184.48
2025-01-31T19:00:00Z,178.99
2025-01-31T20:00:00Z,162.66
2025-01-31T21:00:00Z,152.7
2025-01-31T22:00:00Z,144.31
2025-01-31T23:00:00Z,131.41
2025-02-01T00:00:00Z,136.93
2025-02-01T01:00:00Z,129.42
2025-02-01T02:00:00Z,124.24
2025-02-01T03:00:00Z,119.12
2025-02-01T04:00:00Z,118.86
2025-02-01T05:00:00Z,120.54
2025-02-01T06:00:00Z,127.1
2025-02-01T07:00:00Z,144.74
2025-02-01T08:00:00Z,153.46
2025-02-01T09:00:00Z,142.44
2025-02-01T10:00:00Z,128.4
2025-02-01T11:00:00Z,120.08
2025-02-01T12:00:00Z,110.29
2025-02-01T13:00:00Z,103.4
2025-02-01T14:00:00Z,113.7
2025-02-01T15:00:00Z,129.49
2025-02-01T16:00:00Z,154.43
2025-02-01T17:00:00Z,168.27
2025-02-01T18:00:00Z,167.51
2025-02-01T19:00:00Z,162.98
2025-02-01T20:00:00Z,156.6
2025-02-01T21:00:00Z,145.24
2025-02-01T22:00:00Z,141.73
2025-02-01T23:00:00Z,131.74
2025-02-02T00:00:00Z,133.26
2025-02-02T01:00:00Z,126.91
2025-02-02T02:00:00Z,122.99
2025-02-02T03:00:00Z,120.66
2025-02-02T04:00:00Z,122.34
2025-02-02T05:00:00Z,123.41
2025-02-02T06:00:00Z,128.09
2025-02-02T07:00:00Z,135.9
2025-02-02T08:00:00Z,137.3
2025-02-02T09:00:00Z,137.7
2025-02-02T10:00:00Z,130.04
2025-02-02T11:00:00Z,129.33
2025-02-02T12:00:00Z,122.24
2025-02-02T13:00:00Z,111.88
2025-02-02T14:00:00Z,116.42
2025-02-02T15:00:00Z,127.97
2025-02-02T16:00:00Z,151.21
2025-02-02T17:00:00Z,164.03
2025-02-02T18:00:00Z,172.49
2025-02-02T19:00:00Z,173.95
2025-02-02T20:00:00Z,165.5
2025-02-02T21:00:00Z,155.77
2025-02-02T22:00:00Z,148.44
2025-02-02T23:00:00Z,133.24
2025-02-03T00:00:00Z,129.54
2025-02-03T01:00:00Z,126.63
2025-02-03T02:00:00Z,124.72
2025-02-03T03:00:00Z,120.04
2025-02-03T04:00:00Z,123.24
2025-02-03T05:00:00Z,127.77
2025-02-03T06:00:00Z,159.18
2025-02-03T07:00:00Z,207.88
2025-02-03T08:00:00Z,243.23
2025-02-03T09:00:00Z,178.04
2025-02-03T10:00:00Z,149.95
2025-02-03T11:00:00Z,126.05
2025-02-03T12:00:00Z,117.27
2025-02-03T13:00:00Z,115.29
2025-02-03T14:00:00Z,124.18
2025-02-03T15:00:00Z,145.86
2025-02-03T16:00:00Z,170.71
2025-02-03T17:00:00Z,216.0
2025-02-03T18:00:00Z,200.73
2025-02-03T19:00:00Z,201.1
2025-02-03T20:00:00Z,167.74
2025-02-03T21:00:00Z,153.0
2025-02-03T22:00:00Z,144.23
2025-02-03T23:00:00Z,135.81
2025-02-04T00:00:00Z,132.4
2025-02-04T01:00:00Z,125.54
2025-02-04T02:00:00Z,123.18
2025-02-04T03:00:00Z,123.99
2025-02-04T04:00:00Z,123.25
2025-02-04T05:00:00Z,127.63
2025-02-04T06:00:00Z,155.42
2025-02-04T07:00:00Z,192.24
2025-02-04T08:00:00Z,211.99
2025-02-04T09:00:00Z,163.31
2025-02-04T10:00:00Z,136.53
2025-02-04T11:00:00Z,126.57
2025-02-04T12:00:00Z,116.89
2025-02-04T13:00:00Z,113.17
2025-02-04T14:00:00Z,120.09
2025-02-04T15:00:00Z,127.47
2025-02-04T16:00:00Z,164.81
2025-02-04T17:00:00Z,168.99
2025-02-04T18:00:00Z,175.0
2025-02-04T19:00:00Z,162.04
2025-02-04T20:00:00Z,145.01
2025-02-04T21:00:00Z,132.43
2025-02-04T22:00:00Z,129.42
2025-02-04T23:00:00Z,120.62
2025-02-05T00:00:00Z,113.34
2025-02-05T01:00:00Z,109.67
2025-02-05T02:00:00Z,109.4
2025-02-05T03:00:00Z,108.18
2025-02-05T04:00:00Z,115.17
2025-02-05T05:00:00Z,122.42
2025-02-05T06:00:00Z,139.81
2025-02-05T07:00:00Z,165.32
2025-02-05T08:00:00Z,180.81
2025-02-05T09:00:00Z,159.33
2025-02-05T10:00:00Z,132.19
2025-02-05T11:00:00Z,119.96
2025-02-05T12:00:00Z,115.46
2025-02-05T13:00:00Z,118.8
2025-02-05T14:00:00Z,128.85
2025-02-05T15:00:00Z,144.12
2025-02-05T16:00:00Z,160.58
2025-02-05T17:00:00Z,177.19
2025-02-05T18:00:00Z,189.9
2025-02-05T19:00:00Z,189.63
2025-02-05T20:00:00Z,170.0
2025-02-05T21:00:00Z,155.42
2025-02-05T22:00:00Z,143.7
2025-02-05T23:00:00Z,133.21
2025-02-06T00:00:00Z,133.67
2025-02-06T01:00:00Z,129.57
2025-02-06T02:00:00Z,125.87
2025-02-06T03:00:00Z,125.0
2025-02-06T04:00:00Z,125.01
2025-02-06T05:00:00Z,135.28
2025-02-06T06:00:00Z,156.12
2025-02-06T07:00:00Z,180.09
2025-02-06T08:00:00Z,219.42
2025-02-06T09:00:00Z,178.99
2025-02-06T10:00:00Z,160.14
2025-02-06T11:00:00Z,152.56
2025-02-06T12:00:00Z,147.89
2025-02-06T13:00:00Z,145.48
2025-02-06T14:00:00Z,137.79
2025-02-06T15:00:00Z,150.8
2025-02-06T16:00:00Z,164.89
2025-02-06T17:00:00Z,171.59
2025-02-06T18:00:00Z,170.48
2025-02-06T19:00:00Z,162.95
2025-02-06T20:00:00Z,141.33
2025-02-06T21:00:00Z,131.26
2025-02-06T22:00:00Z,134.0
2025-02-06T23:00:00Z,121.95
2025-02-07T00:00:00Z,126.05
2025-02-07T01:00:00Z,112.7
2025-02-07T02:00:00Z,108.82
2025-02-07T03:00:00Z,105.0
2025-02-07T04:00:00Z,104.81
2025-02-07T05:00:00Z,105.07
2025-02-07T06:00:00Z,112.39
2025-02-07T07:00:00Z,141.66
2025-02-07T08:00:00Z,164.21
2025-02-07T09:00:00Z,150.36
2025-02-07T10:00:00Z,133.88
2025-02-07T11:00:00Z,115.14
2025-02-07T12:00:00Z,111.49
2025-02-07T13:00:00Z,106.77
2025-02-07T14:00:00Z,109.59
2025-02-07T15:00:00Z,111.68
2025-02-07T16:00:00Z,126.61
2025-02-07T17:00:00Z,142.85
2025-02-07T18:00:00Z,149.05
2025-02-07T19:00:00Z,144.32
2025-02-07T20:00:00Z,126.93
2025-02-07T21:00:00Z,100.0
2025-02-07T22:00:00Z,98.72
2025-02-07T23:00:00Z,100.14
2025-02-08T00:00:00Z,81.34
2025-02-08T01:00:00Z,84.85
2025-02-08T02:00:00Z,85.8
2025-02-08T03:00:00Z,87.08
2025-02-08T04:00:00Z,89.69
2025-02-08T05:00:00Z,90.99
2025-02-08T06:00:00Z,90.8
2025-02-08T07:00:00Z,95.31
2025-02-08T08:00:00Z,111.11
2025-02-08T09:00:00Z,92.68
2025-02-08T10:00:00Z,79.42
2025-02-08T11:00:00Z,68.75
2025-02-08T12:00:00Z,67.71
2025-02-08T13:00:00Z,79.85
2025-02-08T14:00:00Z,89.85
2025-02-08T15:00:00Z,118.0
2025-02-08T16:00:00Z,140.87
2025-02-08T17:00:00Z,150.0
2025-02-08T18:00:00Z,160.49
2025-02-08T19:00:00Z,161.1
2025-02-08T20:00:00Z,156.42
2025-02-08T21:00:00Z,149.0
2025-02-08T22:00:00Z,144.0
2025-02-08T23:00:00Z,136.31
2025-02-09T00:00:00Z,135.0
2025-02-09T01:00:00Z,134.51
2025-02-09T02:00:00Z,130.18
2025-02-09T03:00:00Z,119.3
2025-02-09T04:00:00Z,116.79
2025-02-09T05:00:00Z,117.0
2025-02-09T06:00:00Z,117.0
2025-02-09T07:00:00Z,133.43
2025-02-09T08:00:00Z,136.77
2025-02-09T09:00:00Z,123.97
2025-02-09T10:00:00Z,114.79
2025-02-09T11:00:00Z,105.65
2025-02-09T12:00:00Z,98.71
2025-02-09T13:00:00Z,95.53
2025-02-09T14:00:00Z,109.9
2025-02-09T15:00:00Z,120.4
2025-02-09T16:00:00Z,141.96
2025-02-09T17:00:00Z,148.58
2025-02-09T18:00:00Z,161.93
2025-02-09T19:00:00Z,156.13
2025-02-09T20:00:00Z,150.65
2025-02-09T21:00:00Z,142.92
2025-02-09T22:00:00Z,143.0
2025-02-09T23:00:00Z,127.97
2025-02-10T00:00:00Z,118.58
2025-02-10T01:00:00Z,111.82
2025-02-10T02:00:00Z,109.22
2025-02-10T03:00:00Z,106.29
2025-02-10T04:00:00Z,105.85
2025-02-10T05:00:00Z,112.0
2025-02-10T06:00:00Z,145.38
2025-02-10T07:00:00Z,162.02
2025-02-10T08:00:00Z,181.36
2025-02-10T09:00:00Z,163.18
2025-02-10T10:00:00Z,135.9
2025-02-10T11:00:00Z,115.28
2025-02-10T12:00:00Z,109.36
2025-02-10T13:00:00Z,109.74
2025-02-10T14:00:00Z,123.07
2025-02-10T15:00:00Z,128.54
2025-02-10T16:00:00Z,133.58
2025-02-10T17:00:00Z,133.82
2025-02-10T18:00:00Z,142.11
2025-02-10T19:00:00Z,114.85
2025-02-10T20:00:00Z,94.37
2025-02-10T21:00:00Z,91.48
2025-02-10T22:00:00Z,88.87
2025-02-10T23:00:00Z,87.38
2025-02-11T00:00:00Z,77.45
2025-02-11T01:00:00Z,71.1
2025-02-11T02:00:00Z,71.62
2025-02-11T03:00:00Z,74.89
2025-02-11T04:00:00Z,77.45
2025-02-11T05:00:00Z,87.44
2025-02-11T06:00:00Z,100.46
2025-02-11T07:00:00Z,134.93
2025-02-11T08:00:00Z,155.53
2025-02-11T09:00:00Z,141.42
2025-02-11T10:00:00Z,96.65
2025-02-11T11:00:00Z,92.78
2025-02-11T12:00:00Z,97.68
2025-02-11T13:00:00Z,111.11
2025-02-11T14:00:00Z,123.46
2025-02-11T15:00:00Z,143.69
2025-02-11T16:00:00Z,144.47
2025-02-11T17:00:00Z,159.97
2025-02-11T18:00:00Z,168.19
2025-02-11T19:00:00Z,167.45
2025-02-11T20:00:00Z,162.63
2025-02-11T21:00:00Z,148.75
2025-02-11T22:00:00Z,142.95
2025-02-11T23:00:00Z,128.24
2025-02-12T00:00:00Z,129.13
2025-02-12T01:00:00Z,127.77
2025-02-12T02:00:00Z,126.82
2025-02-12T03:00:00Z,126.59
2025-02-12T04:00:00Z,128.74
2025-02-12T05:00:00Z,131.24
2025-02-12T06:00:00Z,151.13
2025-02-12T07:00:00Z,163.64
2025-02-12T08:00:00Z,180.0
2025-02-12T09:00:00Z,174.92
2025-02-12T10:00:00Z,162.05
2025-02-12T11:00:00Z,144.01
2025-02-12T12:00:00Z,137.28
2025-02-12T13:00:00Z,142.03
2025-02-12T14:00:00Z,149.4
2025-02-12T15:00:00Z,159.67
2025-02-12T16:00:00Z,173.21
2025-02-12T17:00:00Z,184.59
2025-02-12T18:00:00Z,197.13
2025-02-12T19:00:00Z,192.57
2025-02-12T20:00:00Z,173.9
2025-02-12T21:00:00Z,155.78
2025-02-12T22:00:00Z,150.38
2025-02-12T23:00:00Z,141.81
2025-02-13T00:00:00Z,140.33
2025-02-13T01:00:00Z,137.75
2025-02-13T02:00:00Z,140.79
2025-02-13T03:00:00Z,136.59
2025-02-13T04:00:00Z,140.0
2025-02-13T05:00:00Z,142.0
2025-02-13T06:00:00Z,159.99
2025-02-13T07:00:00Z,190.33
2025-02-13T08:00:00Z,222.36
2025-02-13T09:00:00Z,220.05
2025-02-13T10:00:00Z,203.89
2025-02-13T11:00:00Z,184.68
2025-02-13T12:00:00Z,174.52
2025-02-13T13:00:00Z,170.1
2025-02-13T14:00:00Z,166.7
2025-02-13T15:00:00Z,170.1
2025-02-13T16:00:00Z,182.0
2025-02-13T17:00:00Z,213.05
2025-02-13T18:00:00Z,207.17
2025-02-13T19:00:00Z,196.52
2025-02-13T20:00:00Z,177.03
2025-02-13T21:00:00Z,162.92
2025-02-13T22:00:00Z,153.12
2025-02-13T23:00:00Z,138.97
2025-02-14T00:00:00Z,139.21
2025-02-14T01:00:00Z,132.8
2025-02-14T02:00:00Z,128.5
2025-02-14T03:00:00Z,127.65
2025-02-14T04:00:00Z,129.58
2025-02-14T05:00:00Z,139.59
2025-02-14T06:00:00Z,162.89
2025-02-14T07:00:00Z,227.08
2025-02-14T08:00:00Z,265.64
2025-02-14T09:00:00Z,215.11
2025-02-14T10:00:00Z,181.03
2025-02-14T11:00:00Z,163.01
2025-02-14T12:00:00Z,149.86
2025-02-14T13:00:00Z,148.61
2025-02-14T14:00:00Z,155.8
2025-02-14T15:00:00Z,175.06
2025-02-14T16:00:00Z,200.0
2025-02-14T17:00:00Z,298.91
2025-02-14T18:00:00Z,293.06
2025-02-14T19:00:00Z,225.7
2025-02-14T20:00:00Z,183.55
2025-02-14T21:00:00Z,163.79
2025-02-14T22:00:00Z,153.0
2025-02-14T23:00:00Z,140.03
2025-02-15T00:00:00Z,135.29
2025-02-15T01:00:00Z,130.34
2025-02-15T02:00:00Z,120.0
2025-02-15T03:00:00Z,118.24
2025-02-15T04:00:00Z,118.45
2025-02-15T05:00:00Z,120.37
2025-02-15T06:00:00Z,133.74
2025-02-15T07:00:00Z,148.58
2025-02-15T08:00:00Z,150.67
2025-02-15T09:00:00Z,137.01
2025-02-15T10:00:00Z,124.59
2025-02-15T11:00:00Z,118.36
2025-02-15T12:00:00Z,112.39
2025-02-15T13:00:00Z,110.01
2025-02-15T14:00:00Z,116.15
2025-02-15T15:00:00Z,128.83
2025-02-15T16:00:00Z,145.89
2025-02-15T17:00:00Z,164.54
2025-02-15T18:00:00Z,174.7
2025-02-15T19:00:00Z,164.76
2025-02-15T20:00:00Z,149.65
2025-02-15T21:00:00Z,128.31
2025-02-15T22:00:00Z,132.37
2025-02-15T23:00:00Z,124.54
2025-02-16T00:00:00Z,134.11
2025-02-16T01:00:00Z,128.9
2025-02-16T02:00:00Z,123.57
2025-02-16T03:00:00Z,119.9
2025-02-16T04:00:00Z,119.57
2025-02-16T05:00:00Z,120.18
2025-02-16T06:00:00Z,119.92
2025-02-16T07:00:00Z,127.51
2025-02-16T08:00:00Z,129.6
2025-02-16T09:00:00Z,130.49
2025-02-16T10:00:00Z,127.7
2025-02-16T11:00:00Z,124.03
2025-02-16T12:00:00Z,124.67
2025-02-16T13:00:00Z,118.77
2025-02-16T14:00:00Z,121.02
2025-02-16T15:00:00Z,129.55
2025-02-16T16:00:00Z,137.68
2025-02-16T17:00:00Z,153.98
2025-02-16T18:00:00Z,169.98
2025-02-16T19:00:00Z,160.29
2025-02-16T20:00:00Z,153.72
2025-02-16T21:00:00Z,139.34
2025-02-16T22:00:00Z,137.62
2025-02-16T23:00:00Z,131.51
2025-02-17T00:00:00Z,128.05
2025-02-17T01:00:00Z,121.06
2025-02-17T02:00:00Z,120.34
2025-02-17T03:00:00Z,125.52
2025-02-17T04:00:00Z,128.94
2025-02-17T05:00:00Z,131.54
2025-02-17T06:00:00Z,153.16
2025-02-17T07:00:00Z,204.74
2025-02-17T08:00:00Z,209.79
2025-02-17T09:00:00Z,171.3
2025-02-17T10:00:00Z,139.67
2025-02-17T11:00:00Z,117.19
2025-02-17T12:00:00Z,109.47
2025-02-17T13:00:00Z,106.78
2025-02-17T14:00:00Z,111.89
2025-02-17T15:00:00Z,132.27
2025-02-17T16:00:00Z,158.96
2025-02-17T17:00:00Z,222.92
2025-02-17T18:00:00Z,271.0
2025-02-17T19:00:00Z,215.36
2025-02-17T20:00:00Z,177.86
2025-02-17T21:00:00Z,155.19
2025-02-17T22:00:00Z,139.39
2025-02-17T23:00:00Z,129.57
2025-02-18T00:00:00Z,132.95
2025-02-18T01:00:00Z,125.0
2025-02-18T02:00:00Z,123.56
2025-02-18T03:00:00Z,117.11
2025-02-18T04:00:00Z,115.66
2025-02-18T05:00:00Z,121.93
2025-02-18T06:00:00Z,143.61
2025-02-18T07:00:00Z,190.34
2025-02-18T08:00:00Z,193.8
2025-02-18T09:00:00Z,143.53
2025-02-18T10:00:00Z,124.24
2025-02-18T11:00:00Z,109.71
2025-02-18T12:00:00Z,96.41
2025-02-18T13:00:00Z,88.53
2025-02-18T14:00:00Z,98.35
2025-02-18T15:00:00Z,110.0
2025-02-18T16:00:00Z,128.16
2025-02-18T17:00:00Z,177.61
2025-02-18T18:00:00Z,174.32
2025-02-18T19:00:00Z,155.91
2025-02-18T20:00:00Z,142.42
2025-02-18T21:00:00Z,129.41
2025-02-18T22:00:00Z,121.9
2025-02-18T23:00:00Z,114.45
2025-02-19T00:00:00Z,104.54
2025-02-19T01:00:00Z,99.29
2025-02-19T02:00:00Z,99.6
2025-02-19T03:00:00Z,97.29
2025-02-19T04:00:00Z,94.5
2025-02-19T05:00:00Z,97.48
2025-02-19T06:00:00Z,115.0
2025-02-19T07:00:00Z,149.5
2025-02-19T08:00:00Z,166.37
2025-02-19T09:00:00Z,128.76
2025-02-19T10:00:00Z,107.91
2025-02-19T11:00:00Z,89.28
2025-02-19T12:00:00Z,81.52
2025-02-19T13:00:00Z,82.74
2025-02-19T14:00:00Z,85.2
2025-02-19T15:00:00Z,90.63
2025-02-19T16:00:00Z,110.03
2025-02-19T17:00:00Z,131.28
2025-02-19T18:00:00Z,142.98
2025-02-19T19:00:00Z,144.42
2025-02-19T20:00:00Z,120.9
2025-02-19T21:00:00Z,113.75
2025-02-19T22:00:00Z,107.13
2025-02-19T23:00:00Z,99.81
2025-02-20T00:00:00Z,86.17
2025-02-20T01:00:00Z,85.2
2025-02-20T02:00:00Z,84.56
2025-02-20T03:00:00Z,83.64
2025-02-20T04:00:00Z,82.18
2025-02-20T05:00:00Z,83.84
2025-02-20T06:00:00Z,86.31
2025-02-20T07:00:00Z,110.41
2025-02-20T08:00:00Z,127.98
2025-02-20T09:00:00Z,105.87
2025-02-20T10:00:00Z,93.72
2025-02-20T11:00:00Z,87.23
2025-02-20T12:00:00Z,86.87
2025-02-20T13:00:00Z,84.51
2025-02-20T14:00:00Z,84.78
2025-02-20T15:00:00Z,90.05
2025-02-20T16:00:00Z,98.34
2025-02-20T17:00:00Z,110.13
2025-02-20T18:00:00Z,112.38
2025-02-20T19:00:00Z,122.45
2025-02-20T20:00:00Z,105.91
2025-02-20T21:00:00Z,92.41
2025-02-20T22:00:00Z,90.84
2025-02-20T23:00:00Z,83.0
2025-02-21T00:00:00Z,75.51
2025-02-21T01:00:00Z,74.99
2025-02-21T02:00:00Z,79.8
2025-02-21T03:00:00Z,83.4
2025-02-21T04:00:00Z,82.4
2025-02-21T05:00:00Z,82.03
2025-02-21T06:00:00Z,106.47
2025-02-21T07:00:00Z,152.5
2025-02-21T08:00:00Z,145.21
2025-02-21T09:00:00Z,120.98
2025-02-21T10:00:00Z,98.68
2025-02-21T11:00:00Z,83.4
2025-02-21T12:00:00Z,78.0
2025-02-21T13:00:00Z,76.41
2025-02-21T14:00:00Z,79.52
2025-02-21T15:00:00Z,82.94
2025-02-21T16:00:00Z,103.47
2025-02-21T17:00:00Z,103.45
2025-02-21T18:00:00Z,101.98
2025-02-21T19:00:00Z,81.95
2025-02-21T20:00:00Z,80.25
2025-02-21T21:00:00Z,70.85
2025-02-21T22:00:00Z,70.64
2025-02-21T23:00:00Z,64.33
2025-02-22T00:00:00Z,50.99
2025-02-22T01:00:00Z,48.62
2025-02-22T02:00:00Z,47.96
2025-02-22T03:00:00Z,42.62
2025-02-22T04:00:00Z,41.2
2025-02-22T05:00:00Z,49.15
2025-02-22T06:00:00Z,49.11
2025-02-22T07:00:00Z,61.22
2025-02-22T08:00:00Z,68.25
2025-02-22T09:00:00Z,67.74
2025-02-22T10:00:00Z,53.21
2025-02-22T11:00:00Z,47.13
2025-02-22T12:00:00Z,40.4
2025-02-22T13:00:00Z,52.69
2025-02-22T14:00:00Z,68.0
2025-02-22T15:00:00Z,85.6
2025-02-22T16:00:00Z,100.95
2025-02-22T17:00:00Z,108.38
2025-02-22T18:00:00Z,106.98
2025-02-22T19:00:00Z,115.18
2025-02-22T20:00:00Z,103.0
2025-02-22T21:00:00Z,101.58
2025-02-22T22:00:00Z,94.27
2025-02-22T23:00:00Z,83.51
2025-02-23T00:00:00Z,91.1
2025-02-23T01:00:00Z,84.99
2025-02-23T02:00:00Z,86.21
2025-02-23T03:00:00Z,83.63
2025-02-23T04:00:00Z,85.77
2025-02-23T05:00:00Z,87.33
2025-02-23T06:00:00Z,87.7
2025-02-23T07:00:00Z,108.0
2025-02-23T08:00:00Z,112.24
2025-02-23T09:00:00Z,99.35
2025-02-23T10:00:00Z,83.0
2025-02-23T11:00:00Z,81.5
2025-02-23T12:00:00Z,71.12
2025-02-23T13:00:00Z,69.2
2025-02-23T14:00:00Z,64.75
2025-02-23T15:00:00Z,69.11
2025-02-23T16:00:00Z,84.7
2025-02-23T17:00:00Z,150.45
2025-02-23T18:00:00Z,154.69
2025-02-23T19:00:00Z,117.02
2025-02-23T20:00:00Z,96.03
2025-02-23T21:00:00Z,77.32
2025-02-23T22:00:00Z,73.81
2025-02-23T23:00:00Z,65.99
2025-02-24T00:00:00Z,70.83
2025-02-24T01:00:00Z,67.99
2025-02-24T02:00:00Z,40.98
2025-02-24T03:00:00Z,37.1
2025-02-24T04:00:00Z,65.34
2025-02-24T05:00:00Z,70.03
2025-02-24T06:00:00Z,81.0
2025-02-24T07:00:00Z,84.8
2025-02-24T08:00:00Z,106.68
2025-02-24T09:00:00Z,93.26
2025-02-24T10:00:00Z,79.04
2025-02-24T11:00:00Z,83.44
2025-02-24T12:00:00Z,81.63
2025-02-24T13:00:00Z,83.0
2025-02-24T14:00:00Z,86.4
2025-02-24T15:00:00Z,92.55
2025-02-24T16:00:00Z,100.7
2025-02-24T17:00:00Z,112.94
2025-02-24T18:00:00Z,137.81
2025-02-24T19:00:00Z,148.71
2025-02-24T20:00:00Z,129.27
2025-02-24T21:00:00Z,112.29
2025-02-24T22:00:00Z,112.9
2025-02-24T23:00:00Z,106.48
2025-02-25T00:00:00Z,90.6
2025-02-25T01:00:00Z,89.91
2025-02-25T02:00:00Z,93.39
2025-02-25T03:00:00Z,93.86
2025-02-25T04:00:00Z,97.43
2025-02-25T05:00:00Z,105.78
2025-02-25T06:00:00Z,144.87
2025-02-25T07:00:00Z,167.16
2025-02-25T08:00:00Z,173.34
2025-02-25T09:00:00Z,153.73
2025-02-25T10:00:00Z,140.36
2025-02-25T11:00:00Z,126.75
2025-02-25T12:00:00Z,124.63
2025-02-25T13:00:00Z,125.81
2025-02-25T14:00:00Z,134.38
2025-02-25T15:00:00Z,148.34
2025-02-25T16:00:00Z,170.68
2025-02-25T17:00:00Z,207.97
2025-02-25T18:00:00Z,233.05
2025-02-25T19:00:00Z,188.09
2025-02-25T20:00:00Z,156.96
2025-02-25T21:00:00Z,142.47
2025-02-25T22:00:00Z,129.46
2025-02-25T23:00:00Z,115.13
2025-02-26T00:00:00Z,122.99
2025-02-26T01:00:00Z,119.82
2025-02-26T02:00:00Z,116.94
2025-02-26T03:00:00Z,115.98
2025-02-26T04:00:00Z,116.56
2025-02-26T05:00:00Z,117.27
2025-02-26T06:00:00Z,132.65
2025-02-26T07:00:00Z,159.93
2025-02-26T08:00:00Z,175.19
2025-02-26T09:00:00Z,160.22
2025-02-26T10:00:00Z,141.37
2025-02-26T11:00:00Z,129.95
2025-02-26T12:00:00Z,120.53
2025-02-26T13:00:00Z,119.89
2025-02-26T14:00:00Z,125.12
2025-02-26T15:00:00Z,132.9
2025-02-26T16:00:00Z,149.75
2025-02-26T17:00:00Z,165.01
2025-02-26T18:00:00Z,172.57
2025-02-26T19:00:00Z,162.82
2025-02-26T20:00:00Z,147.38
2025-02-26T21:00:00Z,118.44
2025-02-26T22:00:00Z,120.94
2025-02-26T23:00:00Z,112.46
2025-02-27T00:00:00Z,101.48
2025-02-27T01:00:00Z,103.81
2025-02-27T02:00:00Z,101.24
2025-02-27T03:00:00Z,99.6
2025-02-27T04:00:00Z,100.43
2025-02-27T05:00:00Z,105.87
2025-02-27T06:00:00Z,115.18
2025-02-27T07:00:00Z,152.32
2025-02-27T08:00:00Z,159.05
2025-02-27T09:00:00Z,142.58
2025-02-27T10:00:00Z,129.94
2025-02-27T11:00:00Z,110.0
2025-02-27T12:00:00Z,101.1
2025-02-27T13:00:00Z,109.25
2025-02-27T14:00:00Z,110.0
2025-02-27T15:00:00Z,123.0
2025-02-27T16:00:00Z,142.62
2025-02-27T17:00:00Z,158.69
2025-02-27T18:00:00Z,174.71
2025-02-27T19:00:00Z,163.17
2025-02-27T20:00:00Z,144.61
2025-02-27T21:00:00Z,136.54
2025-02-27T22:00:00Z,124.69
2025-02-27T23:00:00Z,114.89
2025-02-28T00:00:00Z,115.47
2025-02-28T01:00:00Z,110.54
2025-02-28T02:00:00Z,109.38
2025-02-28T03:00:00Z,106.93
2025-02-28T04:00:00Z,112.03
2025-02-28T05:00:00Z,112.63
2025-02-28T06:00:00Z,135.99
2025-02-28T07:00:00Z,150.0
2025-02-28T08:00:00Z,161.82
2025-02-28T09:00:00Z,145.5
2025-02-28T10:00:00Z,127.7
2025-02-28T11:00:00Z,115.97
2025-02-28T12:00:00Z,109.51
2025-02-28T13:00:00Z,108.57
2025-02-28T14:00:00Z,111.58
2025-02-28T15:00:00Z,125.57
2025-02-28T16:00:00Z,135.05
2025-02-28T17:00:00Z,152.85
2025-02-28T18:00:00Z,161.24
2025-02-28T19:00:00Z,158.86
2025-02-28T20:00:00Z,143.96
2025-02-28T21:00:00Z,132.94
2025-02-28T22:00:00Z,127.43
2025-02-28T23:00:00Z,119.03
2025-03-01T00:00:00Z,128.19
2025-03-01T01:00:00Z,120.38
2025-03-01T02:00:00Z,117.09
2025-03-01T03:00:00Z,112.15
2025-03-01T04:00:00Z,109.75
2025-03-01T05:00:00Z,114.38
2025-03-01T06:00:00Z,118.86
2025-03-01T07:00:00Z,135.79
2025-03-01T08:00:00Z,138.79
2025-03-01T09:00:00Z,137.74
2025-03-01T10:00:00Z,125.08
2025-03-01T11:00:00Z,112.11
2025-03-01T12:00:00Z,102.21
2025-03-01T13:00:00Z,97.27
2025-03-01T14:00:00Z,99.39
2025-03-01T15:00:00Z,109.23
2025-03-01T16:00:00Z,125.41
2025-03-01T17:00:00Z,145.0
2025-03-01T18:00:00Z,158.55
2025-03-01T19:00:00Z,150.78
2025-03-01T20:00:00Z,137.29
2025-03-01T21:00:00Z,128.6
2025-03-01T22:00:00Z,123.57
2025-03-01T23:00:00Z,119.92
2025-03-02T00:00:00Z,123.94
2025-03-02T01:00:00Z,107.54
2025-03-02T02:00:00Z,99.32
2025-03-02T03:00:00Z,93.01
2025-03-02T04:00:00Z,94.23
2025-03-02T05:00:00Z,93.98
2025-03-02T06:00:00Z,95.89
2025-03-02T07:00:00Z,102.6
2025-03-02T08:00:00Z,103.11
2025-03-02T09:00:00Z,89.0
2025-03-02T10:00:00Z,68.3
2025-03-02T11:00:00Z,49.0
2025-03-02T12:00:00Z,27.5
2025-03-02T13:00:00Z,3.13
2025-03-02T14:00:00Z,2.84
2025-03-02T15:00:00Z,50.73
2025-03-02T16:00:00Z,80.43
2025-03-02T17:00:00Z,126.55
2025-03-02T18:00:00Z,143.09
2025-03-02T19:00:00Z,146.1
2025-03-02T20:00:00Z,132.98
2025-03-02T21:00:00Z,120.0
2025-03-02T22:00:00Z,120.79
2025-03-02T23:00:00Z,112.78
2025-03-03T00:00:00Z,108.01
2025-03-03T01:00:00Z,103.69
2025-03-03T02:00:00Z,102.79
2025-03-03T03:00:00Z,99.7
2025-03-03T04:00:00Z,103.37
2025-03-03T05:00:00Z,116.7
2025-03-03T06:00:00Z,137.51
2025-03-03T07:00:00Z,163.0
2025-03-03T08:00:00Z,147.52
2025-03-03T09:00:00Z,106.74
2025-03-03T10:00:00Z,72.39
2025-03-03T11:00:00Z,6.4
2025-03-03T12:00:00Z,0.33
2025-03-03T13:00:00Z,0.01
2025-03-03T14:00:00Z,61.4
2025-03-03T15:00:00Z,84.1
2025-03-03T16:00:00Z,106.36
2025-03-03T17:00:00Z,148.79
2025-03-03T18:00:00Z,183.95
2025-03-03T19:00:00Z,175.93
2025-03-03T20:00:00Z,150.49
2025-03-03T21:00:00Z,128.21
2025-03-03T22:00:00Z,124.93
2025-03-03T23:00:00Z,122.46
2025-03-04T00:00:00Z,121.0
2025-03-04T01:00:00Z,109.44
2025-03-04T02:00:00Z,103.79
2025-03-04T03:00:00Z,104.82
2025-03-04T04:00:00Z,100.28
2025-03-04T05:00:00Z,111.51
2025-03-04T06:00:00Z,141.86
2025-03-04T07:00:00Z,169.61
2025-03-04T08:00:00Z,141.95
2025-03-04T09:00:00Z,110.98
2025-03-04T10:00:00Z,80.02
2025-03-04T11:00:00Z,48.58
2025-03-04T12:00:00Z,20.53
2025-03-04T13:00:00Z,14.34
2025-03-04T14:00:00Z,52.31
2025-03-04T15:00:00Z,81.29
2025-03-04T16:00:00Z,111.15
2025-03-04T17:00:00Z,148.61
2025-03-04T18:00:00Z,180.92
2025-03-04T19:00:00Z,163.67
2025-03-04T20:00:00Z,134.13
2025-03-04T21:00:00Z,114.38
2025-03-04T22:00:00Z,114.41
2025-03-04T23:00:00Z,106.81
2025-03-05T00:00:00Z,90.05
2025-03-05T01:00:00Z,83.07
2025-03-05T02:00:00Z,83.01
2025-03-05T03:00:00Z,79.71
2025-03-05T04:00:00Z,81.63
2025-03-05T05:00:00Z,91.94
2025-03-05T06:00:00Z,115.57
2025-03-05T07:00:00Z,140.16
2025-03-05T08:00:00Z,85.64
2025-03-05T09:00:00Z,41.63
2025-03-05T10:00:00Z,0.02
2025-03-05T11:00:00Z,-0.07
2025-03-05T12:00:00Z,-4.28
2025-03-05T13:00:00Z,-3.7
2025-03-05T14:00:00Z,0.05
2025-03-05T15:00:00Z,48.5
2025-03-05T16:00:00Z,89.89
2025-03-05T17:00:00Z,133.13
2025-03-05T18:00:00Z,146.23
2025-03-05T19:00:00Z,145.89
2025-03-05T20:00:00Z,123.0
2025-03-05T21:00:00Z,108.12
2025-03-05T22:00:00Z,109.12
2025-03-05T23:00:00Z,96.98
2025-03-06T00:00:00Z,83.9
2025-03-06T01:00:00Z,84.84
2025-03-06T02:00:00Z,87.0
2025-03-06T03:00:00Z,88.12
2025-03-06T04:00:00Z,94.56
2025-03-06T05:00:00Z,95.91
2025-03-06T06:00:00Z,139.28
2025-03-06T07:00:00Z,151.32
2025-03-06T08:00:00Z,108.5
2025-03-06T09:00:00Z,78.7
2025-03-06T10:00:00Z,50.47
2025-03-06T11:00:00Z,4.02
2025-03-06T12:00:00Z,0.08
2025-03-06T13:00:00Z,0.02
2025-03-06T14:00:00Z,13.16
2025-03-06T15:00:00Z,71.0
2025-03-06T16:00:00Z,116.52
2025-03-06T17:00:00Z,148.95
2025-03-06T18:00:00Z,165.36
2025-03-06T19:00:00Z,149.1
2025-03-06T20:00:00Z,125.64
2025-03-06T21:00:00Z,106.63
2025-03-06T22:00:00Z,101.47
2025-03-06T23:00:00Z,91.11
2025-03-07T00:00:00Z,90.27
2025-03-07T01:00:00Z,90.27
2025-03-07T02:00:00Z,91.38
2025-03-07T03:00:00Z,91.69
2025-03-07T04:00:00Z,99.0
2025-03-07T05:00:00Z,115.17
2025-03-07T06:00:00Z,135.67
2025-03-07T07:00:00Z,147.7
2025-03-07T08:00:00Z,122.23
2025-03-07T09:00:00Z,83.0
2025-03-07T10:00:00Z,65.3
2025-03-07T11:00:00Z,31.81
2025-03-07T12:00:00Z,12.79
2025-03-07T13:00:00Z,8.08
2025-03-07T14:00:00Z,37.06
2025-03-07T15:00:00Z,90.15
2025-03-07T16:00:00Z,126.99
2025-03-07T17:00:00Z,149.91
2025-03-07T18:00:00Z,216.64
2025-03-07T19:00:00Z,178.68
2025-03-07T20:00:00Z,148.7
2025-03-07T21:00:00Z,132.4
2025-03-07T22:00:00Z,119.11
2025-03-07T23:00:00Z,111.83
2025-03-08T00:00:00Z,124.97
2025-03-08T01:00:00Z,113.94
2025-03-08T02:00:00Z,117.22
2025-03-08T03:00:00Z,116.76
2025-03-08T04:00:00Z,118.42
2025-03-08T05:00:00Z,121.3
2025-03-08T06:00:00Z,127.82
2025-03-08T07:00:00Z,120.59
2025-03-08T08:00:00Z,98.04
2025-03-08T09:00:00Z,72.54
2025-03-08T10:00:00Z,18.05
2025-03-08T11:00:00Z,2.07
2025-03-08T12:00:00Z,-0.34
2025-03-08T13:00:00Z,-0.1
2025-03-08T14:00:00Z,0.07
2025-03-08T15:00:00Z,56.2
2025-03-08T16:00:00Z,100.86
2025-03-08T17:00:00Z,145.58
2025-03-08T18:00:00Z,174.05
2025-03-08T19:00:00Z,140.03
2025-03-08T20:00:00Z,111.21
2025-03-08T21:00:00Z,100.0
2025-03-08T22:00:00Z,99.24
2025-03-08T23:00:00Z,97.94
2025-03-09T00:00:00Z,95.19
2025-03-09T01:00:00Z,94.81
2025-03-09T02:00:00Z,94.44
2025-03-09T03:00:00Z,96.51
2025-03-09T04:00:00Z,98.67
2025-03-09T05:00:00Z,101.51
2025-03-09T06:00:00Z,100.0
2025-03-09T07:00:00Z,93.01
2025-03-09T08:00:00Z,65.4
2025-03-09T09:00:00Z,29.27
2025-03-09T10:00:00Z,10.1
2025-03-09T11:00:00Z,0.03
2025-03-09T12:00:00Z,-2.26
2025-03-09T13:00:00Z,-2.04
2025-03-09T14:00:00Z,0.09
2025-03-09T15:00:00Z,17.39
2025-03-09T16:00:00Z,90.56
2025-03-09T17:00:00Z,125.74
2025-03-09T18:00:00Z,135.37
2025-03-09T19:00:00Z,136.7
2025-03-09T20:00:00Z,130.2
2025-03-09T21:00:00Z,122.7
2025-03-09T22:00:00Z,112.8
2025-03-09T23:00:00Z,106.83
2025-03-10T00:00:00Z,96.83
2025-03-10T01:00:00Z,94.92
2025-03-10T02:00:00Z,96.7
2025-03-10T03:00:00Z,96.87
2025-03-10T04:00:00Z,94.65
2025-03-10T05:00:00Z,106.37
2025-03-10T06:00:00Z,148.49
2025-03-10T07:00:00Z,159.75
2025-03-10T08:00:00Z,133.96
2025-03-10T09:00:00Z,98.88
2025-03-10T10:00:00Z,84.38
2025-03-10T11:00:00Z,77.88
2025-03-10T12:00:00Z,76.02
2025-03-10T13:00:00Z,77.32
2025-03-10T14:00:00Z,83.91
2025-03-10T15:00:00Z,97.47
2025-03-10T16:00:00Z,127.47
2025-03-10T17:00:00Z,147.97
2025-03-10T18:00:00Z,174.92
2025-03-10T19:00:00Z,160.24
2025-03-10T20:00:00Z,142.14
2025-03-10T21:00:00Z,126.59
2025-03-10T22:00:00Z,106.88
2025-03-10T23:00:00Z,97.97
2025-03-11T00:00:00Z,104.39
2025-03-11T01:00:00Z,101.8
2025-03-11T02:00:00Z,99.73
2025-03-11T03:00:00Z,100.5
2025-03-11T04:00:00Z,102.53
2025-03-11T05:00:00Z,110.86
2025-03-11T06:00:00Z,148.04
2025-03-11T07:00:00Z,152.98
2025-03-11T08:00:00Z,146.49
2025-03-11T09:00:00Z,128.53
2025-03-11T10:00:00Z,102.0
2025-03-11T11:00:00Z,97.48
2025-03-11T12:00:00Z,96.44
2025-03-11T13:00:00Z,98.38
2025-03-11T14:00:00Z,102.35
2025-03-11T15:00:00Z,112.84
2025-03-11T16:00:00Z,132.86
2025-03-11T17:00:00Z,171.95
2025-03-11T18:00:00Z,205.02
2025-03-11T19:00:00Z,180.95
2025-03-11T20:00:00Z,149.43
2025-03-11T21:00:00Z,133.0
2025-03-11T22:00:00Z,121.25
2025-03-11T23:00:00Z,107.34
2025-03-12T00:00:00Z,101.73
2025-03-12T01:00:00Z,100.09
2025-03-12T02:00:00Z,97.79
2025-03-12T03:00:00Z,97.38
2025-03-12T04:00:00Z,101.8
2025-03-12T05:00:00Z,110.31
2025-03-12T06:00:00Z,144.54
2025-03-12T07:00:00Z,161.64
2025-03-12T08:00:00Z,148.41
2025-03-12T09:00:00Z,125.0
2025-03-12T10:00:00Z,102.62
2025-03-12T11:00:00Z,99.69
2025-03-12T12:00:00Z,98.07
2025-03-12T13:00:00Z,99.91
2025-03-12T14:00:00Z,101.65
2025-03-12T15:00:00Z,117.74
2025-03-12T16:00:00Z,142.1
2025-03-12T17:00:00Z,157.03
2025-03-12T18:00:00Z,199.75
2025-03-12T19:00:00Z,179.49
2025-03-12T20:00:00Z,148.05
2025-03-12T21:00:00Z,132.2
2025-03-12T22:00:00Z,120.0
2025-03-12T23:00:00Z,109.91
2025-03-13T00:00:00Z,108.52
2025-03-13T01:00:00Z,102.25
2025-03-13T02:00:00Z,98.98
2025-03-13T03:00:00Z,96.71
2025-03-13T04:00:00Z,98.35
2025-03-13T05:00:00Z,105.88
2025-03-13T06:00:00Z,132.99
2025-03-13T07:00:00Z,159.87
2025-03-13T08:00:00Z,158.03
2025-03-13T09:00:00Z,148.13
2025-03-13T10:00:00Z,123.77
2025-03-13T11:00:00Z,110.7
2025-03-13T12:00:00Z,110.01
2025-03-13T13:00:00Z,108.22
2025-03-13T14:00:00Z,107.54
2025-03-13T15:00:00Z,109.99
2025-03-13T16:00:00Z,121.47
2025-03-13T17:00:00Z,142.65
2025-03-13T18:00:00Z,166.05
2025-03-13T19:00:00Z,173.47
2025-03-13T20:00:00Z,149.0
2025-03-13T21:00:00Z,135.69
2025-03-13T22:00:00Z,123.48
2025-03-13T23:00:00Z,111.63
2025-03-14T00:00:00Z,109.09
2025-03-14T01:00:00Z,106.0
2025-03-14T02:00:00Z,105.9
2025-03-14T03:00:00Z,103.83
2025-03-14T04:00:00Z,105.3
2025-03-14T05:00:00Z,113.99
2025-03-14T06:00:00Z,143.02
2025-03-14T07:00:00Z,155.11
2025-03-14T08:00:00Z,155.0
2025-03-14T09:00:00Z,132.09
2025-03-14T10:00:00Z,112.0
2025-03-14T11:00:00Z,106.35
2025-03-14T12:00:00Z,104.5
2025-03-14T13:00:00Z,104.59
2025-03-14T14:00:00Z,105.38
2025-03-14T15:00:00Z,109.39
2025-03-14T16:00:00Z,124.84
2025-03-14T17:00:00Z,146.44
2025-03-14T18:00:00Z,155.33
2025-03-14T19:00:00Z,150.91
2025-03-14T20:00:00Z,130.01
2025-03-14T21:00:00Z,111.39
2025-03-14T22:00:00Z,114.0
2025-03-14T23:00:00Z,105.17
2025-03-15T00:00:00Z,112.15
2025-03-15T01:00:00Z,103.14
2025-03-15T02:00:00Z,96.0
2025-03-15T03:00:00Z,89.9
2025-03-15T04:00:00Z,86.9
2025-03-15T05:00:00Z,90.55
2025-03-15T06:00:00Z,97.01
2025-03-15T07:00:00Z,99.42
2025-03-15T08:00:00Z,98.77
2025-03-15T09:00:00Z,86.4
2025-03-15T10:00:00Z,72.39
2025-03-15T11:00:00Z,67.16
2025-03-15T12:00:00Z,57.32
2025-03-15T13:00:00Z,48.0
2025-03-15T14:00:00Z,54.51
2025-03-15T15:00:00Z,70.8
2025-03-15T16:00:00Z,84.24
2025-03-15T17:00:00Z,121.91
2025-03-15T18:00:00Z,130.3
2025-03-15T19:00:00Z,132.96
2025-03-15T20:00:00Z,121.46
2025-03-15T21:00:00Z,108.5
2025-03-15T22:00:00Z,105.02
2025-03-15T23:00:00Z,95.25
2025-03-16T00:00:00Z,90.01
2025-03-16T01:00:00Z,85.79
2025-03-16T02:00:00Z,79.62
2025-03-16T03:00:00Z,78.18
2025-03-16T04:00:00Z,78.6
2025-03-16T05:00:00Z,80.51
2025-03-16T06:00:00Z,85.14
2025-03-16T07:00:00Z,82.07
2025-03-16T08:00:00Z,77.95
2025-03-16T09:00:00Z,56.9
2025-03-16T10:00:00Z,24.09
2025-03-16T11:00:00Z,2.9
2025-03-16T12:00:00Z,1.01
2025-03-16T13:00:00Z,0.19
2025-03-16T14:00:00Z,2.53
2025-03-16T15:00:00Z,31.0
2025-03-16T16:00:00Z,71.11
2025-03-16T17:00:00Z,116.81
2025-03-16T18:00:00Z,130.84
2025-03-16T19:00:00Z,140.0
2025-03-16T20:00:00Z,125.28
2025-03-16T21:00:00Z,107.73
2025-03-16T22:00:00Z,100.8
2025-03-16T23:00:00Z,79.71
2025-03-17T00:00:00Z,78.1
2025-03-17T01:00:00Z,79.01
2025-03-17T02:00:00Z,78.79
2025-03-17T03:00:00Z,80.91
2025-03-17T04:00:00Z,85.85
2025-03-17T05:00:00Z,103.3
2025-03-17T06:00:00Z,135.18
2025-03-17T07:00:00Z,152.87
2025-03-17T08:00:00Z,135.24
2025-03-17T09:00:00Z,100.73
2025-03-17T10:00:00Z,68.21
2025-03-17T11:00:00Z,50.56
2025-03-17T12:00:00Z,31.17
2025-03-17T13:00:00Z,27.95
2025-03-17T14:00:00Z,50.14
2025-03-17T15:00:00Z,70.01
2025-03-17T16:00:00Z,98.55
2025-03-17T17:00:00Z,143.05
2025-03-17T18:00:00Z,177.33
2025-03-17T19:00:00Z,170.0
2025-03-17T20:00:00Z,141.5
2025-03-17T21:00:00Z,118.85
2025-03-17T22:00:00Z,107.86
2025-03-17T23:00:00Z,93.5
2025-03-18T00:00:00Z,92.2
2025-03-18T01:00:00Z,89.99
2025-03-18T02:00:00Z,92.37
2025-03-18T03:00:00Z,89.2
2025-03-18T04:00:00Z,95.25
2025-03-18T05:00:00Z,110.74
2025-03-18T06:00:00Z,138.9
2025-03-18T07:00:00Z,136.68
2025-03-18T08:00:00Z,106.52
2025-03-18T09:00:00Z,71.53
2025-03-18T10:00:00Z,25.27
2025-03-18T11:00:00Z,0.68
2025-03-18T12:00:00Z,-1.46
2025-03-18T13:00:00Z,-0.3
2025-03-18T14:00:00Z,5.72
2025-03-18T15:00:00Z,50.28
2025-03-18T16:00:00Z,95.94
2025-03-18T17:00:00Z,140.9
2025-03-18T18:00:00Z,170.91
2025-03-18T19:00:00Z,167.46
2025-03-18T20:00:00Z,142.39
2025-03-18T21:00:00Z,123.04
2025-03-18T22:00:00Z,115.97
2025-03-18T23:00:00Z,103.29
2025-03-19T00:00:00Z,107.29
2025-03-19T01:00:00Z,102.4
2025-03-19T02:00:00Z,101.19
2025-03-19T03:00:00Z,102.0
2025-03-19T04:00:00Z,106.59
2025-03-19T05:00:00Z,122.52
2025-03-19T06:00:00Z,158.05
2025-03-19T07:00:00Z,147.74
2025-03-19T08:00:00Z,108.23
2025-03-19T09:00:00Z,79.5
2025-03-19T10:00:00Z,26.52
2025-03-19T11:00:00Z,-0.04
2025-03-19T12:00:00Z,-0.56
2025-03-19T13:00:00Z,-0.25
2025-03-19T14:00:00Z,0.99
2025-03-19T15:00:00Z,66.73
2025-03-19T16:00:00Z,109.85
2025-03-19T17:00:00Z,147.56
2025-03-19T18:00:00Z,248.18
2025-03-19T19:00:00Z,220.3
2025-03-19T20:00:00Z,176.68
2025-03-19T21:00:00Z,138.24
2025-03-19T22:00:00Z,124.45
2025-03-19T23:00:00Z,111.14
2025-03-20T00:00:00Z,117.17
2025-03-20T01:00:00Z,102.86
2025-03-20T02:00:00Z,99.56
2025-03-20T03:00:00Z,100.08
2025-03-20T04:00:00Z,102.83
2025-03-20T05:00:00Z,119.7
2025-03-20T06:00:00Z,144.84
2025-03-20T07:00:00Z,141.21
2025-03-20T08:00:00Z,99.87
2025-03-20T09:00:00Z,79.45
2025-03-20T10:00:00Z,37.51
2025-03-20T11:00:00Z,3.42
2025-03-20T12:00:00Z,0.43
2025-03-20T13:00:00Z,0.65
2025-03-20T14:00:00Z,16.6
2025-03-20T15:00:00Z,79.42
2025-03-20T16:00:00Z,120.76
2025-03-20T17:00:00Z,155.14
2025-03-20T18:00:00Z,280.07
2025-03-20T19:00:00Z,253.85
2025-03-20T20:00:00Z,164.0
2025-03-20T21:00:00Z,136.82
2025-03-20T22:00:00Z,125.03
2025-03-20T23:00:00Z,117.91
2025-03-21T00:00:00Z,125.07
2025-03-21T01:00:00Z,116.41
2025-03-21T02:00:00Z,112.74
2025-03-21T03:00:00Z,105.81
2025-03-21T04:00:00Z,109.1
2025-03-21T05:00:00Z,127.49
2025-03-21T06:00:00Z,156.0
2025-03-21T07:00:00Z,148.27
2025-03-21T08:00:00Z,110.73
2025-03-21T09:00:00Z,73.31
2025-03-21T10:00:00Z,43.25
2025-03-21T11:00:00Z,7.35
2025-03-21T12:00:00Z,0.81
2025-03-21T13:00:00Z,0.0
2025-03-21T14:00:00Z,2.49
2025-03-21T15:00:00Z,12.36
2025-03-21T16:00:00Z,46.22
2025-03-21T17:00:00Z,100.24
2025-03-21T18:00:00Z,120.65
2025-03-21T19:00:00Z,83.5
2025-03-21T20:00:00Z,70.0
2025-03-21T21:00:00Z,47.19
2025-03-21T22:00:00Z,27.13
2025-03-21T23:00:00Z,18.45
2025-03-22T00:00:00Z,26.93
2025-03-22T01:00:00Z,12.57
2025-03-22T02:00:00Z,9.07
2025-03-22T03:00:00Z,6.88
2025-03-22T04:00:00Z,10.12
2025-03-22T05:00:00Z,12.95
2025-03-22T06:00:00Z,13.01
2025-03-22T07:00:00Z,13.04
2025-03-22T08:00:00Z,3.11
2025-03-22T09:00:00Z,0.0
2025-03-22T10:00:00Z,-1.86
2025-03-22T11:00:00Z,-6.31
2025-03-22T12:00:00Z,-15.18
2025-03-22T13:00:00Z,-15.04
2025-03-22T14:00:00Z,-6.79
2025-03-22T15:00:00Z,-1.51
2025-03-22T16:00:00Z,1.01
2025-03-22T17:00:00Z,34.99
2025-03-22T18:00:00Z,60.03
2025-03-22T19:00:00Z,50.95
2025-03-22T20:00:00Z,42.15
2025-03-22T21:00:00Z,36.12
2025-03-22T22:00:00Z,37.14
2025-03-22T23:00:00Z,35.69
2025-03-23T00:00:00Z,13.69
2025-03-23T01:00:00Z,19.01
2025-03-23T02:00:00Z,23.65
2025-03-23T03:00:00Z,23.49
2025-03-23T04:00:00Z,24.82
2025-03-23T05:00:00Z,25.01
2025-03-23T06:00:00Z,24.84
2025-03-23T07:00:00Z,24.26
2025-03-23T08:00:00Z,18.99
2025-03-23T09:00:00Z,23.09
2025-03-23T10:00:00Z,13.78
2025-03-23T11:00:00Z,9.6
2025-03-23T12:00:00Z,13.49
2025-03-23T13:00:00Z,5.01
2025-03-23T14:00:00Z,11.46
2025-03-23T15:00:00Z,42.5
2025-03-23T16:00:00Z,84.42
2025-03-23T17:00:00Z,124.23
2025-03-23T18:00:00Z,140.0
2025-03-23T19:00:00Z,142.51
2025-03-23T20:00:00Z,140.58
2025-03-23T21:00:00Z,130.0
2025-03-23T22:00:00Z,126.47
2025-03-23T23:00:00Z,114.24
2025-03-24T00:00:00Z,110.45
2025-03-24T01:00:00Z,107.29
2025-03-24T02:00:00Z,101.91
2025-03-24T03:00:00Z,98.94
2025-03-24T04:00:00Z,101.99
2025-03-24T05:00:00Z,119.82
2025-03-24T06:00:00Z,141.5
2025-03-24T07:00:00Z,164.28
2025-03-24T08:00:00Z,161.86
2025-03-24T09:00:00Z,135.38
2025-03-24T10:00:00Z,111.16
2025-03-24T11:00:00Z,107.36
2025-03-24T12:00:00Z,100.75
2025-03-24T13:00:00Z,100.87
2025-03-24T14:00:00Z,106.57
2025-03-24T15:00:00Z,115.85
2025-03-24T16:00:00Z,130.95
2025-03-24T17:00:00Z,154.15
2025-03-24T18:00:00Z,211.99
2025-03-24T19:00:00Z,193.0
2025-03-24T20:00:00Z,161.84
2025-03-24T21:00:00Z,138.55
2025-03-24T22:00:00Z,125.58
2025-03-24T23:00:00Z,115.16
2025-03-25T00:00:00Z,102.07
2025-03-25T01:00:00Z,101.76
2025-03-25T02:00:00Z,100.2
2025-03-25T03:00:00Z,102.67
2025-03-25T04:00:00Z,101.96
2025-03-25T05:00:00Z,107.39
2025-03-25T06:00:00Z,136.05
2025-03-25T07:00:00Z,142.13
2025-03-25T08:00:00Z,133.36
2025-03-25T09:00:00Z,106.41
2025-03-25T10:00:00Z,92.03
2025-03-25T11:00:00Z,78.8
2025-03-25T12:00:00Z,68.45
2025-03-25T13:00:00Z,69.23
2025-03-25T14:00:00Z,81.7
2025-03-25T15:00:00Z,95.52
2025-03-25T16:00:00Z,108.84
2025-03-25T17:00:00Z,138.81
2025-03-25T18:00:00Z,161.14
2025-03-25T19:00:00Z,166.36
2025-03-25T20:00:00Z,148.6
2025-03-25T21:00:00Z,122.36
2025-03-25T22:00:00Z,114.83
2025-03-25T23:00:00Z,102.05
2025-03-26T00:00:00Z,101.02
2025-03-26T01:00:00Z,97.96
2025-03-26T02:00:00Z,97.36
2025-03-26T03:00:00Z,97.39
2025-03-26T04:00:00Z,95.72
2025-03-26T05:00:00Z,98.85
2025-03-26T06:00:00Z,128.76
2025-03-26T07:00:00Z,141.95
2025-03-26T08:00:00Z,137.09
2025-03-26T09:00:00Z,111.86
2025-03-26T10:00:00Z,100.0
2025-03-26T11:00:00Z,96.39
2025-03-26T12:00:00Z,94.81
2025-03-26T13:00:00Z,84.5
2025-03-26T14:00:00Z,90.79
2025-03-26T15:00:00Z,94.36
2025-03-26T16:00:00Z,101.45
2025-03-26T17:00:00Z,135.16
2025-03-26T18:00:00Z,162.0
2025-03-26T19:00:00Z,169.54
2025-03-26T20:00:00Z,153.27
2025-03-26T21:00:00Z,129.4
2025-03-26T22:00:00Z,120.27
2025-03-26T23:00:00Z,108.91
2025-03-27T00:00:00Z,104.93
2025-03-27T01:00:00Z,98.98
2025-03-27T02:00:00Z,97.8
2025-03-27T03:00:00Z,98.85
2025-03-27T04:00:00Z,97.07
2025-03-27T05:00:00Z,104.9
2025-03-27T06:00:00Z,129.83
2025-03-27T07:00:00Z,140.0
2025-03-27T08:00:00Z,123.5
2025-03-27T09:00:00Z,89.92
2025-03-27T10:00:00Z,77.61
2025-03-27T11:00:00Z,45.48
2025-03-27T12:00:00Z,24.81
2025-03-27T13:00:00Z,6.67
2025-03-27T14:00:00Z,30.34
2025-03-27T15:00:00Z,74.93
2025-03-27T16:00:00Z,93.74
2025-03-27T17:00:00Z,127.25
2025-03-27T18:00:00Z,157.9
2025-03-27T19:00:00Z,170.7
2025-03-27T20:00:00Z,141.61
2025-03-27T21:00:00Z,124.42
2025-03-27T22:00:00Z,113.1
2025-03-27T23:00:00Z,100.91
2025-03-28T00:00:00Z,90.0
2025-03-28T01:00:00Z,79.38
2025-03-28T02:00:00Z,79.02
2025-03-28T03:00:00Z,79.38
2025-03-28T04:00:00Z,79.84
2025-03-28T05:00:00Z,103.51
2025-03-28T06:00:00Z,128.52
2025-03-28T07:00:00Z,122.2
2025-03-28T08:00:00Z,102.08
2025-03-28T09:00:00Z,75.57
2025-03-28T10:00:00Z,25.77
2025-03-28T11:00:00Z,1.68
2025-03-28T12:00:00Z,-0.01
2025-03-28T13:00:00Z,-0.03
2025-03-28T14:00:00Z,14.48
2025-03-28T15:00:00Z,70.1
2025-03-28T16:00:00Z,104.19
2025-03-28T17:00:00Z,132.0
2025-03-28T18:00:00Z,165.99
2025-03-28T19:00:00Z,165.9
2025-03-28T20:00:00Z,148.03
2025-03-28T21:00:00Z,124.56
2025-03-28T22:00:00Z,117.94
2025-03-28T23:00:00Z,110.12
2025-03-29T00:00:00Z,113.62
2025-03-29T01:00:00Z,103.91
2025-03-29T02:00:00Z,96.54
2025-03-29T03:00:00Z,96.22
2025-03-29T04:00:00Z,96.5
2025-03-29T05:00:00Z,92.74
2025-03-29T06:00:00Z,96.73
2025-03-29T07:00:00Z,98.44
2025-03-29T08:00:00Z,91.86
2025-03-29T09:00:00Z,76.14
2025-03-29T10:00:00Z,65.67
2025-03-29T11:00:00Z,65.34
2025-03-29T12:00:00Z,65.33
2025-03-29T13:00:00Z,2.06
2025-03-29T14:00:00Z,3.94
2025-03-29T15:00:00Z,25.27
2025-03-29T16:00:00Z,66.26
2025-03-29T17:00:00Z,100.1
2025-03-29T18:00:00Z,146.91
2025-03-29T19:00:00Z,152.22
2025-03-29T20:00:00Z,121.07
2025-03-29T21:00:00Z,100.42
2025-03-29T22:00:00Z,82.75
2025-03-29T23:00:00Z,68.27
2025-03-30T00:00:00Z,46.31
2025-03-30T01:00:00Z,15.89
2025-03-30T02:00:00Z,5.1
2025-03-30T03:00:00Z,1.2
2025-03-30T04:00:00Z,0.09
2025-03-30T05:00:00Z,0.03
2025-03-30T06:00:00Z,0.0
2025-03-30T07:00:00Z,-0.01
2025-03-30T08:00:00Z,-0.04
2025-03-30T09:00:00Z,-3.47
2025-03-30T10:00:00Z,-11.34
2025-03-30T11:00:00Z,-18.5
2025-03-30T12:00:00Z,-25.76
2025-03-30T13:00:00Z,-26.07
2025-03-30T14:00:00Z,-12.96
2025-03-30T15:00:00Z,-4.01
2025-03-30T16:00:00Z,-0.01
2025-03-30T17:00:00Z,14.41
2025-03-30T18:00:00Z,60.83
2025-03-30T19:00:00Z,58.86
2025-03-30T20:00:00Z,50.01
2025-03-30T21:00:00Z,61.71
2025-03-30T22:00:00Z,56.44
2025-03-30T23:00:00Z,65.57
2025-03-31T00:00:00Z,63.25
2025-03-31T01:00:00Z,64.41
2025-03-31T02:00:00Z,67.22
2025-03-31T03:00:00Z,68.97
2025-03-31T04:00:00Z,88.0
2025-03-31T05:00:00Z,109.27
2025-03-31T06:00:00Z,143.54
2025-03-31T07:00:00Z,174.23
2025-03-31T08:00:00Z,133.17
2025-03-31T09:00:00Z,110.27
2025-03-31T10:00:00Z,99.04
2025-03-31T11:00:00Z,83.54
2025-03-31T12:00:00Z,74.1
2025-03-31T13:00:00Z,73.58
2025-03-31T14:00:00Z,69.55
2025-03-31T15:00:00Z,76.24
2025-03-31T16:00:00Z,100.83
2025-03-31T17:00:00Z,131.57
2025-03-31T18:00:00Z,183.96
2025-03-31T19:00:00Z,172.73
2025-03-31T20:00:00Z,135.03
2025-03-31T21:00:00Z,115.25
2025-03-31T22:00:00Z,102.34
2025-03-31T23:00:00Z,101.56
2025-04-01T00:00:00Z,95.02
2025-04-01T01:00:00Z,92.91
2025-04-01T02:00:00Z,93.5
2025-04-01T03:00:00Z,91.43
2025-04-01T04:00:00Z,100.71
2025-04-01T05:00:00Z,129.46
2025-04-01T06:00:00Z,179.96
2025-04-01T07:00:00Z,159.37
2025-04-01T08:00:00Z,108.47
2025-04-01T09:00:00Z,86.17
2025-04-01T10:00:00Z,70.26
2025-04-01T11:00:00Z,53.15
2025-04-01T12:00:00Z,11.57
2025-04-01T13:00:00Z,10.89
2025-04-01T14:00:00Z,26.7
2025-04-01T15:00:00Z,65.23
2025-04-01T16:00:00Z,82.8
2025-04-01T17:00:00Z,122.39
2025-04-01T18:00:00Z,155.72
2025-04-01T19:00:00Z,138.0
2025-04-01T20:00:00Z,110.9
2025-04-01T21:00:00Z,95.64
2025-04-01T22:00:00Z,79.45
2025-04-01T23:00:00Z,68.06
2025-04-02T00:00:00Z,66.93
2025-04-02T01:00:00Z,66.8
2025-04-02T02:00:00Z,67.97
2025-04-02T03:00:00Z,68.9
2025-04-02T04:00:00Z,82.18
2025-04-02T05:00:00Z,113.84
2025-04-02T06:00:00Z,150.31
2025-04-02T07:00:00Z,124.7
2025-04-02T08:00:00Z,84.74
2025-04-02T09:00:00Z,48.38
2025-04-02T10:00:00Z,0.0
2025-04-02T11:00:00Z,-4.92
2025-04-02T12:00:00Z,-20.06
2025-04-02T13:00:00Z,-21.02
2025-04-02T14:00:00Z,-10.0
2025-04-02T15:00:00Z,-1.73
2025-04-02T16:00:00Z,15.37
2025-04-02T17:00:00Z,88.84
2025-04-02T18:00:00Z,125.35
2025-04-02T19:00:00Z,114.0
2025-04-02T20:00:00Z,96.07
2025-04-02T21:00:00Z,82.63
2025-04-02T22:00:00Z,71.43
2025-04-02T23:00:00Z,67.0
2025-04-03T00:00:00Z,67.0
2025-04-03T01:00:00Z,67.0
2025-04-03T02:00:00Z,68.95
2025-04-03T03:00:00Z,71.0
2025-04-03T04:00:00Z,86.22
2025-04-03T05:00:00Z,129.71
2025-04-03T06:00:00Z,162.77
2025-04-03T07:00:00Z,133.3
2025-04-03T08:00:00Z,79.11
2025-04-03T09:00:00Z,40.47
2025-04-03T10:00:00Z,-0.16
2025-04-03T11:00:00Z,-1.19
2025-04-03T12:00:00Z,-8.4
2025-04-03T13:00:00Z,-5.85
2025-04-03T14:00:00Z,-0.27
2025-04-03T15:00:00Z,16.09
2025-04-03T16:00:00Z,75.0
2025-04-03T17:00:00Z,138.0
2025-04-03T18:00:00Z,163.48
2025-04-03T19:00:00Z,155.88
2025-04-03T20:00:00Z,137.03
2025-04-03T21:00:00Z,113.21
2025-04-03T22:00:00Z,104.63
2025-04-03T23:00:00Z,108.34
2025-04-04T00:00:00Z,103.04
2025-04-04T01:00:00Z,102.89
2025-04-04T02:00:00Z,103.61
2025-04-04T03:00:00Z,105.95
2025-04-04T04:00:00Z,112.55
2025-04-04T05:00:00Z,152.67
2025-04-04T06:00:00Z,180.17
2025-04-04T07:00:00Z,139.4
2025-04-04T08:00:00Z,95.68
2025-04-04T09:00:00Z,65.0
2025-04-04T10:00:00Z,7.82
2025-04-04T11:00:00Z,0.0
2025-04-04T12:00:00Z,-1.31
2025-04-04T13:00:00Z,-1.21
2025-04-04T14:00:00Z,-0.13
2025-04-04T15:00:00Z,29.7
2025-04-04T16:00:00Z,79.87
2025-04-04T17:00:00Z,126.35
2025-04-04T18:00:00Z,167.64
2025-04-04T19:00:00Z,155.99
2025-04-04T20:00:00Z,120.67
2025-04-04T21:00:00Z,106.15
2025-04-04T22:00:00Z,96.97
2025-04-04T23:00:00Z,109.23
2025-04-05T00:00:00Z,102.76
2025-04-05T01:00:00Z,99.39
2025-04-05T02:00:00Z,99.4
2025-04-05T03:00:00Z,98.31
2025-04-05T04:00:00Z,97.5
2025-04-05T05:00:00Z,102.98
2025-04-05T06:00:00Z,105.9
2025-04-05T07:00:00Z,98.3
2025-04-05T08:00:00Z,57.16
2025-04-05T09:00:00Z,0.66
2025-04-05T10:00:00Z,-0.94
2025-04-05T11:00:00Z,-24.09
2025-04-05T12:00:00Z,-47.73
2025-04-05T13:00:00Z,-49.1
2025-04-05T14:00:00Z,-29.91
2025-04-05T15:00:00Z,-4.3
2025-04-05T16:00:00Z,0.0
2025-04-05T17:00:00Z,70.0
2025-04-05T18:00:00Z,99.4
2025-04-05T19:00:00Z,98.9
2025-04-05T20:00:00Z,84.25
2025-04-05T21:00:00Z,78.99
2025-04-05T22:00:00Z,68.75
2025-04-05T23:00:00Z,70.45
2025-04-06T00:00:00Z,61.0
2025-04-06T01:00:00Z,62.72
2025-04-06T02:00:00Z,68.28
2025-04-06T03:00:00Z,69.95
2025-04-06T04:00:00Z,77.43
2025-04-06T05:00:00Z,76.54
2025-04-06T06:00:00Z,78.11
2025-04-06T07:00:00Z,41.79
2025-04-06T08:00:00Z,0.1
2025-04-06T09:00:00Z,-2.0
2025-04-06T10:00:00Z,-27.56
2025-04-06T11:00:00Z,-60.01
2025-04-06T12:00:00Z,-106.31
2025-04-06T13:00:00Z,-114.57
2025-04-06T14:00:00Z,-70.0
2025-04-06T15:00:00Z,-18.95
2025-04-06T16:00:00Z,1.76
2025-04-06T17:00:00Z,112.41
2025-04-06T18:00:00Z,131.56
2025-04-06T19:00:00Z,132.9
2025-04-06T20:00:00Z,121.38
2025-04-06T21:00:00Z,111.84
2025-04-06T22:00:00Z,100.03
2025-04-06T23:00:00Z,86.71
2025-04-07T00:00:00Z,85.0
2025-04-07T01:00:00Z,81.73
2025-04-07T02:00:00Z,83.53
2025-04-07T03:00:00Z,85.45
2025-04-07T04:00:00Z,98.74
2025-04-07T05:00:00Z,131.1
2025-04-07T06:00:00Z,175.97
2025-04-07T07:00:00Z,144.61
2025-04-07T08:00:00Z,107.1
2025-04-07T09:00:00Z,83.37
2025-04-07T10:00:00Z,65.0
2025-04-07T11:00:00Z,11.8
2025-04-07T12:00:00Z,2.19
2025-04-07T13:00:00Z,3.94
2025-04-07T14:00:00Z,60.98
2025-04-07T15:00:00Z,72.0
2025-04-07T16:00:00Z,102.43
2025-04-07T17:00:00Z,127.6
2025-04-07T18:00:00Z,168.45
2025-04-07T19:00:00Z,165.05
2025-04-07T20:00:00Z,138.2
2025-04-07T21:00:00Z,121.02
2025-04-07T22:00:00Z,105.21
2025-04-07T23:00:00Z,94.93
2025-04-08T00:00:00Z,87.83
2025-04-08T01:00:00Z,89.06
2025-04-08T02:00:00Z,89.9
2025-04-08T03:00:00Z,91.62
2025-04-08T04:00:00Z,105.73
2025-04-08T05:00:00Z,142.97
2025-04-08T06:00:00Z,180.55
2025-04-08T07:00:00Z,136.77
2025-04-08T08:00:00Z,91.3
2025-04-08T09:00:00Z,76.47
2025-04-08T10:00:00Z,61.09
2025-04-08T11:00:00Z,19.57
2025-04-08T12:00:00Z,16.83
2025-04-08T13:00:00Z,28.59
2025-04-08T14:00:00Z,57.47
2025-04-08T15:00:00Z,73.33
2025-04-08T16:00:00Z,90.34
2025-04-08T17:00:00Z,118.26
2025-04-08T18:00:00Z,180.4
2025-04-08T19:00:00Z,171.31
2025-04-08T20:00:00Z,140.0
2025-04-08T21:00:00Z,120.47
2025-04-08T22:00:00Z,105.12
2025-04-08T23:00:00Z,104.99
2025-04-09T00:00:00Z,95.99
2025-04-09T01:00:00Z,94.67
2025-04-09T02:00:00Z,94.45
2025-04-09T03:00:00Z,95.79
2025-04-09T04:00:00Z,109.45
2025-04-09T05:00:00Z,152.68
2025-04-09T06:00:00Z,175.56
2025-04-09T07:00:00Z,131.56
2025-04-09T08:00:00Z,99.51
2025-04-09T09:00:00Z,82.71
2025-04-09T10:00:00Z,59.69
2025-04-09T11:00:00Z,13.61
2025-04-09T12:00:00Z,6.72
2025-04-09T13:00:00Z,13.27
2025-04-09T14:00:00Z,34.87
2025-04-09T15:00:00Z,62.98
2025-04-09T16:00:00Z,83.5
2025-04-09T17:00:00Z,103.48
2025-04-09T18:00:00Z,131.57
2025-04-09T19:00:00Z,138.73
2025-04-09T20:00:00Z,111.23
2025-04-09T21:00:00Z,101.94
2025-04-09T22:00:00Z,98.51
2025-04-09T23:00:00Z,92.9
2025-04-10T00:00:00Z,89.55
2025-04-10T01:00:00Z,88.9
2025-04-10T02:00:00Z,87.92
2025-04-10T03:00:00Z,90.0
2025-04-10T04:00:00Z,97.54
2025-04-10T05:00:00Z,132.44
2025-04-10T06:00:00Z,170.59
2025-04-10T07:00:00Z,135.44
2025-04-10T08:00:00Z,102.4
2025-04-10T09:00:00Z,85.71
2025-04-10T10:00:00Z,66.34
2025-04-10T11:00:00Z,34.95
2025-04-10T12:00:00Z,2.18
2025-04-10T13:00:00Z,0.08
2025-04-10T14:00:00Z,1.18
2025-04-10T15:00:00Z,54.44
2025-04-10T16:00:00Z,70.0
2025-04-10T17:00:00Z,101.68
2025-04-10T18:00:00Z,140.42
2025-04-10T19:00:00Z,137.17
2025-04-10T20:00:00Z,97.56
2025-04-10T21:00:00Z,92.05
2025-04-10T22:00:00Z,81.11
2025-04-10T23:00:00Z,65.32
2025-04-11T00:00:00Z,60.75
2025-04-11T01:00:00Z,58.44
2025-04-11T02:00:00Z,58.43
2025-04-11T03:00:00Z,61.93
2025-04-11T04:00:00Z,71.99
2025-04-11T05:00:00Z,94.2
2025-04-11T06:00:00Z,111.4
2025-04-11T07:00:00Z,85.9
2025-04-11T08:00:00Z,58.89
2025-04-11T09:00:00Z,11.31
2025-04-11T10:00:00Z,0.0
2025-04-11T11:00:00Z,-3.0
2025-04-11T12:00:00Z,-4.99
2025-04-11T13:00:00Z,-3.61
2025-04-11T14:00:00Z,-0.1
2025-04-11T15:00:00Z,0.0
2025-04-11T16:00:00Z,70.15
2025-04-11T17:00:00Z,110.69
2025-04-11T18:00:00Z,133.4
2025-04-11T19:00:00Z,155.0
2025-04-11T20:00:00Z,130.46
2025-04-11T21:00:00Z,119.1
2025-04-11T22:00:00Z,105.49
2025-04-11T23:00:00Z,107.84
2025-04-12T00:00:00Z,104.41
2025-04-12T01:00:00Z,100.93
2025-04-12T02:00:00Z,98.15
2025-04-12T03:00:00Z,98.99
2025-04-12T04:00:00Z,99.08
2025-04-12T05:00:00Z,104.42
2025-04-12T06:00:00Z,99.74
2025-04-12T07:00:00Z,95.49
2025-04-12T08:00:00Z,67.26
2025-04-12T09:00:00Z,20.19
2025-04-12T10:00:00Z,0.0
2025-04-12T11:00:00Z,-9.23
2025-04-12T12:00:00Z,-40.04
2025-04-12T13:00:00Z,-42.01
2025-04-12T14:00:00Z,-18.68
2025-04-12T15:00:00Z,-0.08
2025-04-12T16:00:00Z,59.47
2025-04-12T17:00:00Z,111.31
2025-04-12T18:00:00Z,150.06
2025-04-12T19:00:00Z,120.89
2025-04-12T20:00:00Z,91.0
2025-04-12T21:00:00Z,86.27
2025-04-12T22:00:00Z,64.27
2025-04-12T23:00:00Z,63.99
2025-04-13T00:00:00Z,56.0
2025-04-13T01:00:00Z,42.36
2025-04-13T02:00:00Z,29.5
2025-04-13T03:00:00Z,32.06
2025-04-13T04:00:00Z,34.48
2025-04-13T05:00:00Z,29.41
2025-04-13T06:00:00Z,27.75
2025-04-13T07:00:00Z,12.87
2025-04-13T08:00:00Z,8.43
2025-04-13T09:00:00Z,0.0
2025-04-13T10:00:00Z,-0.02
2025-04-13T11:00:00Z,-3.02
2025-04-13T12:00:00Z,-18.84
2025-04-13T13:00:00Z,-25.38
2025-04-13T14:00:00Z,-9.93
2025-04-13T15:00:00Z,-0.01
2025-04-13T16:00:00Z,17.56
2025-04-13T17:00:00Z,98.63
2025-04-13T18:00:00Z,120.65
2025-04-13T19:00:00Z,118.01
2025-04-13T20:00:00Z,108.06
2025-04-13T21:00:00Z,103.35
2025-04-13T22:00:00Z,94.98
2025-04-13T23:00:00Z,87.56
2025-04-14T00:00:00Z,82.69
2025-04-14T01:00:00Z,82.11
2025-04-14T02:00:00Z,82.29
2025-04-14T03:00:00Z,84.52
2025-04-14T04:00:00Z,97.1
2025-04-14T05:00:00Z,124.34
2025-04-14T06:00:00Z,152.03
2025-04-14T07:00:00Z,143.7
2025-04-14T08:00:00Z,104.7
2025-04-14T09:00:00Z,91.02
2025-04-14T10:00:00Z,77.07
2025-04-14T11:00:00Z,62.35
2025-04-14T12:00:00Z,61.64
2025-04-14T13:00:00Z,64.36
2025-04-14T14:00:00Z,75.29
2025-04-14T15:00:00Z,84.6
2025-04-14T16:00:00Z,97.02
2025-04-14T17:00:00Z,119.35
2025-04-14T18:00:00Z,180.0
2025-04-14T19:00:00Z,140.61
2025-04-14T20:00:00Z,102.83
2025-04-14T21:00:00Z,82.59
2025-04-14T22:00:00Z,76.0
2025-04-14T23:00:00Z,72.93
2025-04-15T00:00:00Z,73.2
2025-04-15T01:00:00Z,67.38
2025-04-15T02:00:00Z,64.29
2025-04-15T03:00:00Z,66.3
2025-04-15T04:00:00Z,70.42
2025-04-15T05:00:00Z,83.03
2025-04-15T06:00:00Z,96.99
2025-04-15T07:00:00Z,98.56
2025-04-15T08:00:00Z,65.0
2025-04-15T09:00:00Z,48.93
2025-04-15T10:00:00Z,2.92
2025-04-15T11:00:00Z,0.08
2025-04-15T12:00:00Z,0.0
2025-04-15T13:00:00Z,0.1
2025-04-15T14:00:00Z,29.27
2025-04-15T15:00:00Z,68.08
2025-04-15T16:00:00Z,86.57
2025-04-15T17:00:00Z,105.28
2025-04-15T18:00:00Z,133.58
2025-04-15T19:00:00Z,141.54
2025-04-15T20:00:00Z,110.58
2025-04-15T21:00:00Z,102.21
2025-04-15T22:00:00Z,93.76
2025-04-15T23:00:00Z,88.01
2025-04-16T00:00:00Z,82.04
2025-04-16T01:00:00Z,82.2
2025-04-16T02:00:00Z,81.4
2025-04-16T03:00:00Z,82.99
2025-04-16T04:00:00Z,99.4
2025-04-16T05:00:00Z,121.0
2025-04-16T06:00:00Z,135.14
2025-04-16T07:00:00Z,109.94
2025-04-16T08:00:00Z,94.82
2025-04-16T09:00:00Z,79.75
2025-04-16T10:00:00Z,64.08
2025-04-16T11:00:00Z,35.3
2025-04-16T12:00:00Z,22.4
2025-04-16T13:00:00Z,24.94
2025-04-16T14:00:00Z,55.0
2025-04-16T15:00:00Z,68.0
2025-04-16T16:00:00Z,93.16
2025-04-16T17:00:00Z,118.0
2025-04-16T18:00:00Z,146.52
2025-04-16T19:00:00Z,136.48
2025-04-16T20:00:00Z,121.0
2025-04-16T21:00:00Z,109.69
2025-04-16T22:00:00Z,98.59
2025-04-16T23:00:00Z,88.99
2025-04-17T00:00:00Z,83.99
2025-04-17T01:00:00Z,81.67
2025-04-17T02:00:00Z,80.07
2025-04-17T03:00:00Z,81.28
2025-04-17T04:00:00Z,87.43
2025-04-17T05:00:00Z,108.02
2025-04-17T06:00:00Z,122.8
2025-04-17T07:00:00Z,130.0
2025-04-17T08:00:00Z,121.0
2025-04-17T09:00:00Z,110.0
2025-04-17T10:00:00Z,95.03
2025-04-17T11:00:00Z,80.84
2025-04-17T12:00:00Z,81.04
2025-04-17T13:00:00Z,77.75
2025-04-17T14:00:00Z,77.65
2025-04-17T15:00:00Z,83.87
2025-04-17T16:00:00Z,97.63
2025-04-17T17:00:00Z,112.65
2025-04-17T18:00:00Z,129.0
2025-04-17T19:00:00Z,122.79
2025-04-17T20:00:00Z,114.76
2025-04-17T21:00:00Z,98.9
2025-04-17T22:00:00Z,96.52
2025-04-17T23:00:00Z,91.0
2025-04-18T00:00:00Z,81.3
2025-04-18T01:00:00Z,79.12
2025-04-18T02:00:00Z,77.94
2025-04-18T03:00:00Z,76.34
2025-04-18T04:00:00Z,76.35
2025-04-18T05:00:00Z,79.39
2025-04-18T06:00:00Z,87.98
2025-04-18T07:00:00Z,91.25
2025-04-18T08:00:00Z,90.14
2025-04-18T09:00:00Z,88.3
2025-04-18T10:00:00Z,83.28
2025-04-18T11:00:00Z,75.03
2025-04-18T12:00:00Z,63.75
2025-04-18T13:00:00Z,62.64
2025-04-18T14:00:00Z,65.36
2025-04-18T15:00:00Z,76.61
2025-04-18T16:00:00Z,88.64
2025-04-18T17:00:00Z,103.5
2025-04-18T18:00:00Z,123.12
2025-04-18T19:00:00Z,126.52
2025-04-18T20:00:00Z,116.52
2025-04-18T21:00:00Z,106.35
2025-04-18T22:00:00Z,99.12
2025-04-18T23:00:00Z,89.32
2025-04-19T00:00:00Z,80.01
2025-04-19T01:00:00Z,84.45
2025-04-19T02:00:00Z,82.39
2025-04-19T03:00:00Z,84.98
2025-04-19T04:00:00Z,90.62
2025-04-19T05:00:00Z,95.2
2025-04-19T06:00:00Z,91.67
2025-04-19T07:00:00Z,83.89
2025-04-19T08:00:00Z,76.43
2025-04-19T09:00:00Z,29.99
2025-04-19T10:00:00Z,4.54
2025-04-19T11:00:00Z,0.0
2025-04-19T12:00:00Z,-3.01
2025-04-19T13:00:00Z,-7.26
2025-04-19T14:00:00Z,-0.86
2025-04-19T15:00:00Z,0.2
2025-04-19T16:00:00Z,64.01
2025-04-19T17:00:00Z,102.77
2025-04-19T18:00:00Z,126.84
2025-04-19T19:00:00Z,142.71
2025-04-19T20:00:00Z,127.36
2025-04-19T21:00:00Z,109.55
2025-04-19T22:00:00Z,98.27
2025-04-19T23:00:00Z,100.41
2025-04-20T00:00:00Z,94.9
2025-04-20T01:00:00Z,98.98
2025-04-20T02:00:00Z,97.41
2025-04-20T03:00:00Z,98.83
2025-04-20T04:00:00Z,108.64
2025-04-20T05:00:00Z,109.38
2025-04-20T06:00:00Z,94.32
2025-04-20T07:00:00Z,68.6
2025-04-20T08:00:00Z,18.63
2025-04-20T09:00:00Z,0.0
2025-04-20T10:00:00Z,-5.72
2025-04-20T11:00:00Z,-34.99
2025-04-20T12:00:00Z,-52.42
2025-04-20T13:00:00Z,-40.05
2025-04-20T14:00:00Z,-4.76
2025-04-20T15:00:00Z,0.0
2025-04-20T16:00:00Z,72.42
2025-04-20T17:00:00Z,106.81
2025-04-20T18:00:00Z,119.94
2025-04-20T19:00:00Z,144.95
2025-04-20T20:00:00Z,137.56
2025-04-20T21:00:00Z,121.82
2025-04-20T22:00:00Z,110.68
2025-04-20T23:00:00Z,108.58
2025-04-21T00:00:00Z,97.59
2025-04-21T01:00:00Z,96.47
2025-04-21T02:00:00Z,96.84
2025-04-21T03:00:00Z,97.98
2025-04-21T04:00:00Z,98.54
2025-04-21T05:00:00Z,97.07
2025-04-21T06:00:00Z,91.31
2025-04-21T07:00:00Z,88.5
2025-04-21T08:00:00Z,87.99
2025-04-21T09:00:00Z,65.24
2025-04-21T10:00:00Z,33.88
2025-04-21T11:00:00Z,17.19
2025-04-21T12:00:00Z,8.91
2025-04-21T13:00:00Z,8.43
2025-04-21T14:00:00Z,10.01
2025-04-21T15:00:00Z,50.05
2025-04-21T16:00:00Z,88.77
2025-04-21T17:00:00Z,101.95
2025-04-21T18:00:00Z,121.95
2025-04-21T19:00:00Z,139.14
2025-04-21T20:00:00Z,132.1
2025-04-21T21:00:00Z,122.77
2025-04-21T22:00:00Z,106.54
2025-04-21T23:00:00Z,96.21
2025-04-22T00:00:00Z,88.8
2025-04-22T01:00:00Z,87.4
2025-04-22T02:00:00Z,85.01
2025-04-22T03:00:00Z,84.58
2025-04-22T04:00:00Z,97.39
2025-04-22T05:00:00Z,120.76
2025-04-22T06:00:00Z,151.54
2025-04-22T07:00:00Z,147.0
2025-04-22T08:00:00Z,111.88
2025-04-22T09:00:00Z,95.2
2025-04-22T10:00:00Z,89.97
2025-04-22T11:00:00Z,79.92
2025-04-22T12:00:00Z,67.66
2025-04-22T13:00:00Z,71.47
2025-04-22T14:00:00Z,78.45
2025-04-22T15:00:00Z,83.07
2025-04-22T16:00:00Z,100.04
2025-04-22T17:00:00Z,122.38
2025-04-22T18:00:00Z,192.32
2025-04-22T19:00:00Z,263.2
2025-04-22T20:00:00Z,157.28
2025-04-22T21:00:00Z,122.28
2025-04-22T22:00:00Z,109.6
2025-04-22T23:00:00Z,106.72
2025-04-23T00:00:00Z,99.4
2025-04-23T01:00:00Z,96.84
2025-04-23T02:00:00Z,96.7
2025-04-23T03:00:00Z,101.2
2025-04-23T04:00:00Z,108.23
2025-04-23T05:00:00Z,137.09
2025-04-23T06:00:00Z,152.0
2025-04-23T07:00:00Z,128.84
2025-04-23T08:00:00Z,100.0
2025-04-23T09:00:00Z,92.0
2025-04-23T10:00:00Z,94.39
2025-04-23T11:00:00Z,81.04
2025-04-23T12:00:00Z,80.29
2025-04-23T13:00:00Z,88.0
2025-04-23T14:00:00Z,92.35
2025-04-23T15:00:00Z,99.05
2025-04-23T16:00:00Z,108.28
2025-04-23T17:00:00Z,128.9
2025-04-23T18:00:00Z,155.97
2025-04-23T19:00:00Z,148.67
2025-04-23T20:00:00Z,126.11
2025-04-23T21:00:00Z,108.2
2025-04-23T22:00:00Z,97.15
2025-04-23T23:00:00Z,94.17
2025-04-24T00:00:00Z,88.3
2025-04-24T01:00:00Z,86.7
2025-04-24T02:00:00Z,85.65
2025-04-24T03:00:00Z,84.35
2025-04-24T04:00:00Z,90.93
2025-04-24T05:00:00Z,110.34
2025-04-24T06:00:00Z,118.51
2025-04-24T07:00:00Z,117.65
2025-04-24T08:00:00Z,108.91
2025-04-24T09:00:00Z,96.67
2025-04-24T10:00:00Z,93.55
2025-04-24T11:00:00Z,81.56
2025-04-24T12:00:00Z,78.95
2025-04-24T13:00:00Z,78.04
2025-04-24T14:00:00Z,78.72
2025-04-24T15:00:00Z,83.37
2025-04-24T16:00:00Z,95.36
2025-04-24T17:00:00Z,101.02
2025-04-24T18:00:00Z,114.64
2025-04-24T19:00:00Z,121.61
2025-04-24T20:00:00Z,114.48
2025-04-24T21:00:00Z,106.53
2025-04-24T22:00:00Z,93.1
2025-04-24T23:00:00Z,91.03
2025-04-25T00:00:00Z,82.92
2025-04-25T01:00:00Z,82.23
2025-04-25T02:00:00Z,83.4
2025-04-25T03:00:00Z,84.95
2025-04-25T04:00:00Z,94.64
2025-04-25T05:00:00Z,104.41
2025-04-25T06:00:00Z,113.39
2025-04-25T07:00:00Z,111.0
2025-04-25T08:00:00Z,99.41
2025-04-25T09:00:00Z,88.17
2025-04-25T10:00:00Z,75.45
2025-04-25T11:00:00Z,66.61
2025-04-25T12:00:00Z,48.03
2025-04-25T13:00:00Z,40.99
2025-04-25T14:00:00Z,59.47
2025-04-25T15:00:00Z,73.04
2025-04-25T16:00:00Z,84.19
2025-04-25T17:00:00Z,99.43
2025-04-25T18:00:00Z,115.99
2025-04-25T19:00:00Z,123.78
2025-04-25T20:00:00Z,109.63
2025-04-25T21:00:00Z,100.37
2025-04-25T22:00:00Z,92.09
2025-04-25T23:00:00Z,100.0
2025-04-26T00:00:00Z,92.19
2025-04-26T01:00:00Z,91.02
2025-04-26T02:00:00Z,89.66
2025-04-26T03:00:00Z,89.01
2025-04-26T04:00:00Z,90.86
2025-04-26T05:00:00Z,93.01
2025-04-26T06:00:00Z,86.33
2025-04-26T07:00:00Z,72.19
2025-04-26T08:00:00Z,34.45
2025-04-26T09:00:00Z,2.55
2025-04-26T10:00:00Z,-0.01
2025-04-26T11:00:00Z,-7.63
2025-04-26T12:00:00Z,-14.85
2025-04-26T13:00:00Z,-10.77
2025-04-26T14:00:00Z,-2.19
2025-04-26T15:00:00Z,-0.02
2025-04-26T16:00:00Z,30.99
2025-04-26T17:00:00Z,79.0
2025-04-26T18:00:00Z,99.81
2025-04-26T19:00:00Z,107.4
2025-04-26T20:00:00Z,96.85
2025-04-26T21:00:00Z,85.26
2025-04-26T22:00:00Z,72.31
2025-04-26T23:00:00Z,67.71
2025-04-27T00:00:00Z,62.91
2025-04-27T01:00:00Z,57.96
2025-04-27T02:00:00Z,59.12
2025-04-27T03:00:00Z,61.94
2025-04-27T04:00:00Z,69.05
2025-04-27T05:00:00Z,69.14
2025-04-27T06:00:00Z,63.72
2025-04-27T07:00:00Z,34.95
2025-04-27T08:00:00Z,0.04
2025-04-27T09:00:00Z,-3.0
2025-04-27T10:00:00Z,-33.88
2025-04-27T11:00:00Z,-101.04
2025-04-27T12:00:00Z,-129.81
2025-04-27T13:00:00Z,-116.61
2025-04-27T14:00:00Z,-50.0
2025-04-27T15:00:00Z,-5.17
2025-04-27T16:00:00Z,18.35
2025-04-27T17:00:00Z,91.98
2025-04-27T18:00:00Z,110.83
2025-04-27T19:00:00Z,124.23
2025-04-27T20:00:00Z,109.24
2025-04-27T21:00:00Z,99.0
2025-04-27T22:00:00Z,93.77
2025-04-27T23:00:00Z,92.24
2025-04-28T00:00:00Z,86.49
2025-04-28T01:00:00Z,83.1
2025-04-28T02:00:00Z,85.41
2025-04-28T03:00:00Z,91.19
2025-04-28T04:00:00Z,99.49
2025-04-28T05:00:00Z,140.0
2025-04-28T06:00:00Z,131.09
2025-04-28T07:00:00Z,96.85
2025-04-28T08:00:00Z,67.37
2025-04-28T09:00:00Z,10.03
2025-04-28T10:00:00Z,-0.01
2025-04-28T11:00:00Z,-4.02
2025-04-28T12:00:00Z,-5.9
2025-04-28T13:00:00Z,-6.18
2025-04-28T14:00:00Z,-1.54
2025-04-28T15:00:00Z,2.01
2025-04-28T16:00:00Z,71.83
2025-04-28T17:00:00Z,101.92
2025-04-28T18:00:00Z,149.9
2025-04-28T19:00:00Z,194.81
2025-04-28T20:00:00Z,128.83
2025-04-28T21:00:00Z,106.24
2025-04-28T22:00:00Z,96.83
2025-04-28T23:00:00Z,90.64
2025-04-29T00:00:00Z,86.86
2025-04-29T01:00:00Z,81.76
2025-04-29T02:00:00Z,79.17
2025-04-29T03:00:00Z,80.03
2025-04-29T04:00:00Z,90.57
2025-04-29T05:00:00Z,107.0
2025-04-29T06:00:00Z,113.13
2025-04-29T07:00:00Z,99.98
2025-04-29T08:00:00Z,78.0
2025-04-29T09:00:00Z,9.31
2025-04-29T10:00:00Z,0.0
2025-04-29T11:00:00Z,-0.76
2025-04-29T12:00:00Z,-1.9
2025-04-29T13:00:00Z,-1.67
2025-04-29T14:00:00Z,-0.01
2025-04-29T15:00:00Z,14.82
2025-04-29T16:00:00Z,77.6
2025-04-29T17:00:00Z,102.0
2025-04-29T18:00:00Z,139.83
2025-04-29T19:00:00Z,174.75
2025-04-29T20:00:00Z,129.11
2025-04-29T21:00:00Z,108.83
2025-04-29T22:00:00Z,97.82
2025-04-29T23:00:00Z,95.0
2025-04-30T00:00:00Z,90.0
2025-04-30T01:00:00Z,87.59
2025-04-30T02:00:00Z,88.25
2025-04-30T03:00:00Z,91.4
2025-04-30T04:00:00Z,95.83
2025-04-30T05:00:00Z,115.27
2025-04-30T06:00:00Z,120.3
2025-04-30T07:00:00Z,99.9
2025-04-30T08:00:00Z,76.7
2025-04-30T09:00:00Z,7.08
2025-04-30T10:00:00Z,0.0
2025-04-30T11:00:00Z,-1.0
2025-04-30T12:00:00Z,-6.21
2025-04-30T13:00:00Z,-3.0
2025-04-30T14:00:00Z,-0.02
2025-04-30T15:00:00Z,19.91
2025-04-30T16:00:00Z,78.39
2025-04-30T17:00:00Z,101.8
2025-04-30T18:00:00Z,130.37
2025-04-30T19:00:00Z,176.43
2025-04-30T20:00:00Z,128.0
2025-04-30T21:00:00Z,108.33
2025-04-30T22:00:00Z,98.68
2025-04-30T23:00:00Z,97.51
2025-05-01T00:00:00Z,91.78
2025-05-01T01:00:00Z,90.46
2025-05-01T02:00:00Z,90.63
2025-05-01T03:00:00Z,90.5
2025-05-01T04:00:00Z,84.16
2025-05-01T05:00:00Z,83.94
2025-05-01T06:00:00Z,78.04
2025-05-01T07:00:00Z,62.1
2025-05-01T08:00:00Z,0.0
2025-05-01T09:00:00Z,-3.0
2025-05-01T10:00:00Z,-40.1
2025-05-01T11:00:00Z,-85.01
2025-05-01T12:00:00Z,-129.99
2025-05-01T13:00:00Z,-118.11
2025-05-01T14:00:00Z,-49.99
2025-05-01T15:00:00Z,-5.17
2025-05-01T16:00:00Z,40.77
2025-05-01T17:00:00Z,96.14
2025-05-01T18:00:00Z,129.87
2025-05-01T19:00:00Z,164.38
2025-05-01T20:00:00Z,122.45
2025-05-01T21:00:00Z,100.73
2025-05-01T22:00:00Z,87.1
2025-05-01T23:00:00Z,89.92
2025-05-02T00:00:00Z,77.12
2025-05-02T01:00:00Z,66.9
2025-05-02T02:00:00Z,63.91
2025-05-02T03:00:00Z,66.0
2025-05-02T04:00:00Z,74.01
2025-05-02T05:00:00Z,86.83
2025-05-02T06:00:00Z,88.55
2025-05-02T07:00:00Z,84.9
2025-05-02T08:00:00Z,55.0
2025-05-02T09:00:00Z,0.85
2025-05-02T10:00:00Z,-0.01
2025-05-02T11:00:00Z,-0.8
2025-05-02T12:00:00Z,-3.0
2025-05-02T13:00:00Z,-4.0
2025-05-02T14:00:00Z,-0.08
2025-05-02T15:00:00Z,0.3
2025-05-02T16:00:00Z,67.5
2025-05-02T17:00:00Z,99.9
2025-05-02T18:00:00Z,118.39
2025-05-02T19:00:00Z,150.4
2025-05-02T20:00:00Z,121.24
2025-05-02T21:00:00Z,106.72
2025-05-02T22:00:00Z,96.44
2025-05-02T23:00:00Z,97.81
2025-05-03T00:00:00Z,93.34
2025-05-03T01:00:00Z,92.2
2025-05-03T02:00:00Z,92.0
2025-05-03T03:00:00Z,91.23
2025-05-03T04:00:00Z,91.84
2025-05-03T05:00:00Z,92.86
2025-05-03T06:00:00Z,87.73
2025-05-03T07:00:00Z,79.9
2025-05-03T08:00:00Z,13.53
2025-05-03T09:00:00Z,0.01
2025-05-03T10:00:00Z,-0.01
2025-05-03T11:00:00Z,-1.16
2025-05-03T12:00:00Z,-3.04
2025-05-03T13:00:00Z,-2.69
2025-05-03T14:00:00Z,-0.03
2025-05-03T15:00:00Z,0.0
2025-05-03T16:00:00Z,28.87
2025-05-03T17:00:00Z,68.11
2025-05-03T18:00:00Z,77.54
2025-05-03T19:00:00Z,90.27
2025-05-03T20:00:00Z,87.02
2025-05-03T21:00:00Z,78.63
2025-05-03T22:00:00Z,65.91
2025-05-03T23:00:00Z,60.3
2025-05-04T00:00:00Z,44.9
2025-05-04T01:00:00Z,31.47
2025-05-04T02:00:00Z,20.39
2025-05-04T03:00:00Z,20.02
2025-05-04T04:00:00Z,15.58
2025-05-04T05:00:00Z,13.62
2025-05-04T06:00:00Z,7.83
2025-05-04T07:00:00Z,2.93
2025-05-04T08:00:00Z,0.0
2025-05-04T09:00:00Z,-0.01
2025-05-04T10:00:00Z,-0.01
2025-05-04T11:00:00Z,-0.02
2025-05-04T12:00:00Z,-2.0
2025-05-04T13:00:00Z,-5.01
2025-05-04T14:00:00Z,-1.59
2025-05-04T15:00:00Z,-0.01
2025-05-04T16:00:00Z,10.07
2025-05-04T17:00:00Z,80.08
2025-05-04T18:00:00Z,95.95
2025-05-04T19:00:00Z,109.0
2025-05-04T20:00:00Z,112.38
2025-05-04T21:00:00Z,101.79
2025-05-04T22:00:00Z,87.35
2025-05-04T23:00:00Z,75.18
2025-05-05T00:00:00Z,70.51
2025-05-05T01:00:00Z,72.25
2025-05-05T02:00:00Z,75.15
2025-05-05T03:00:00Z,74.98
2025-05-05T04:00:00Z,89.49
2025-05-05T05:00:00Z,110.92
2025-05-05T06:00:00Z,122.57
2025-05-05T07:00:00Z,106.69
2025-05-05T08:00:00Z,90.82
2025-05-05T09:00:00Z,80.0
2025-05-05T10:00:00Z,61.65
2025-05-05T11:00:00Z,53.83
2025-05-05T12:00:00Z,49.66
2025-05-05T13:00:00Z,59.3
2025-05-05T14:00:00Z,70.42
2025-05-05T15:00:00Z,78.88
2025-05-05T16:00:00Z,89.22
2025-05-05T17:00:00Z,100.1
2025-05-05T18:00:00Z,128.92
2025-05-05T19:00:00Z,128.0
2025-05-05T20:00:00Z,113.17
2025-05-05T21:00:00Z,101.52
2025-05-05T22:00:00Z,94.46
2025-05-05T23:00:00Z,87.22
2025-05-06T00:00:00Z,81.68
2025-05-06T01:00:00Z,81.29
2025-05-06T02:00:00Z,79.96
2025-05-06T03:00:00Z,82.39
2025-05-06T04:00:00Z,97.08
2025-05-06T05:00:00Z,114.57
2025-05-06T06:00:00Z,121.86
2025-05-06T07:00:00Z,108.37
2025-05-06T08:00:00Z,83.08
2025-05-06T09:00:00Z,72.27
2025-05-06T10:00:00Z,59.89
2025-05-06T11:00:00Z,42.81
2025-05-06T12:00:00Z,38.17
2025-05-06T13:00:00Z,45.44
2025-05-06T14:00:00Z,65.0
2025-05-06T15:00:00Z,73.73
2025-05-06T16:00:00Z,89.99
2025-05-06T17:00:00Z,106.89
2025-05-06T18:00:00Z,134.09
2025-05-06T19:00:00Z,161.18
2025-05-06T20:00:00Z,136.6
2025-05-06T21:00:00Z,118.28
2025-05-06T22:00:00Z,101.27
2025-05-06T23:00:00Z,92.67
2025-05-07T00:00:00Z,87.05
2025-05-07T01:00:00Z,85.63
2025-05-07T02:00:00Z,88.6
2025-05-07T03:00:00Z,95.16
2025-05-07T04:00:00Z,108.57
2025-05-07T05:00:00Z,131.68
2025-05-07T06:00:00Z,143.95
2025-05-07T07:00:00Z,125.0
2025-05-07T08:00:00Z,96.43
2025-05-07T09:00:00Z,82.41
2025-05-07T10:00:00Z,73.3
2025-05-07T11:00:00Z,64.43
2025-05-07T12:00:00Z,63.92
2025-05-07T13:00:00Z,68.04
2025-05-07T14:00:00Z,75.0
2025-05-07T15:00:00Z,81.8
2025-05-07T16:00:00Z,95.85
2025-05-07T17:00:00Z,108.49
2025-05-07T18:00:00Z,128.93
2025-05-07T19:00:00Z,147.15
2025-05-07T20:00:00Z,125.18
2025-05-07T21:00:00Z,108.49
2025-05-07T22:00:00Z,96.59
2025-05-07T23:00:00Z,95.86
2025-05-08T00:00:00Z,91.66
2025-05-08T01:00:00Z,91.51
2025-05-08T02:00:00Z,93.18
2025-05-08T03:00:00Z,96.09
2025-05-08T04:00:00Z,109.25
2025-05-08T05:00:00Z,124.27
2025-05-08T06:00:00Z,138.73
2025-05-08T07:00:00Z,124.11
2025-05-08T08:00:00Z,101.13
2025-05-08T09:00:00Z,87.81
2025-05-08T10:00:00Z,75.34
2025-05-08T11:00:00Z,64.25
2025-05-08T12:00:00Z,63.75
2025-05-08T13:00:00Z,70.05
2025-05-08T14:00:00Z,78.77
2025-05-08T15:00:00Z,85.3
2025-05-08T16:00:00Z,91.63
2025-05-08T17:00:00Z,109.09
2025-05-08T18:00:00Z,134.96
2025-05-08T19:00:00Z,185.08
2025-05-08T20:00:00Z,143.18
2025-05-08T21:00:00Z,114.77
2025-05-08T22:00:00Z,106.48
2025-05-08T23:00:00Z,102.27
2025-05-09T00:00:00Z,96.55
2025-05-09T01:00:00Z,93.76
2025-05-09T02:00:00Z,95.09
2025-05-09T03:00:00Z,100.28
2025-05-09T04:00:00Z,112.4
2025-05-09T05:00:00Z,141.0
2025-05-09T06:00:00Z,136.03
2025-05-09T07:00:00Z,100.61
2025-05-09T08:00:00Z,82.0
2025-05-09T09:00:00Z,51.6
2025-05-09T10:00:00Z,0.1
2025-05-09T11:00:00Z,-0.74
2025-05-09T12:00:00Z,-0.04
2025-05-09T13:00:00Z,-0.01
2025-05-09T14:00:00Z,0.09
2025-05-09T15:00:00Z,52.66
2025-05-09T16:00:00Z,79.06
2025-05-09T17:00:00Z,98.9
2025-05-09T18:00:00Z,120.0
2025-05-09T19:00:00Z,149.13
2025-05-09T20:00:00Z,130.35
2025-05-09T21:00:00Z,107.32
2025-05-09T22:00:00Z,98.32
2025-05-09T23:00:00Z,105.22
2025-05-10T00:00:00Z,102.91
2025-05-10T01:00:00Z,98.78
2025-05-10T02:00:00Z,96.28
2025-05-10T03:00:00Z,100.9
2025-05-10T04:00:00Z,100.47
2025-05-10T05:00:00Z,97.73
2025-05-10T06:00:00Z,93.91
2025-05-10T07:00:00Z,73.72
2025-05-10T08:00:00Z,9.02
2025-05-10T09:00:00Z,-0.07
2025-05-10T10:00:00Z,-22.88
2025-05-10T11:00:00Z,-58.48
2025-05-10T12:00:00Z,-114.53
2025-05-10T13:00:00Z,-110.51
2025-05-10T14:00:00Z,-49.52
2025-05-10T15:00:00Z,-5.94
2025-05-10T16:00:00Z,23.99
2025-05-10T17:00:00Z,95.27
2025-05-10T18:00:00Z,124.04
2025-05-10T19:00:00Z,163.2
2025-05-10T20:00:00Z,129.49
2025-05-10T21:00:00Z,107.72
2025-05-10T22:00:00Z,94.49
2025-05-10T23:00:00Z,97.8
2025-05-11T00:00:00Z,95.1
2025-05-11T01:00:00Z,94.51
2025-05-11T02:00:00Z,95.42
2025-05-11T03:00:00Z,95.39
2025-05-11T04:00:00Z,95.45
2025-05-11T05:00:00Z,87.61
2025-05-11T06:00:00Z,65.76
2025-05-11T07:00:00Z,4.96
2025-05-11T08:00:00Z,-0.1
2025-05-11T09:00:00Z,-12.02
2025-05-11T10:00:00Z,-51.95
2025-05-11T11:00:00Z,-212.82
2025-05-11T12:00:00Z,-250.32
2025-05-11T13:00:00Z,-230.98
2025-05-11T14:00:00Z,-110.06
2025-05-11T15:00:00Z,-18.52
2025-05-11T16:00:00Z,-0.08
2025-05-11T17:00:00Z,85.96
2025-05-11T18:00:00Z,117.11
2025-05-11T19:00:00Z,124.86
2025-05-11T20:00:00Z,109.55
2025-05-11T21:00:00Z,98.45
2025-05-11T22:00:00Z,84.68
2025-05-11T23:00:00Z,86.0
2025-05-12T00:00:00Z,81.28
2025-05-12T01:00:00Z,80.95
2025-05-12T02:00:00Z,81.48
2025-05-12T03:00:00Z,84.65
2025-05-12T04:00:00Z,97.71
2025-05-12T05:00:00Z,137.05
2025-05-12T06:00:00Z,141.15
2025-05-12T07:00:00Z,108.49
2025-05-12T08:00:00Z,69.74
2025-05-12T09:00:00Z,0.49
2025-05-12T10:00:00Z,-3.91
2025-05-12T11:00:00Z,-25.0
2025-05-12T12:00:00Z,-35.0
2025-05-12T13:00:00Z,-29.9
2025-05-12T14:00:00Z,-8.59
2025-05-12T15:00:00Z,-0.01
2025-05-12T16:00:00Z,72.58
2025-05-12T17:00:00Z,107.12
2025-05-12T18:00:00Z,141.41
2025-05-12T19:00:00Z,172.7
2025-05-12T20:00:00Z,117.25
2025-05-12T21:00:00Z,100.11
2025-05-12T22:00:00Z,92.97
2025-05-12T23:00:00Z,89.87
2025-05-13T00:00:00Z,88.55
2025-05-13T01:00:00Z,89.2
2025-05-13T02:00:00Z,93.94
2025-05-13T03:00:00Z,96.71
2025-05-13T04:00:00Z,104.0
2025-05-13T05:00:00Z,136.77
2025-05-13T06:00:00Z,128.33
2025-05-13T07:00:00Z,100.42
2025-05-13T08:00:00Z,79.36
2025-05-13T09:00:00Z,16.09
2025-05-13T10:00:00Z,-0.75
2025-05-13T11:00:00Z,-6.0
2025-05-13T12:00:00Z,-16.0
2025-05-13T13:00:00Z,-6.55
2025-05-13T14:00:00Z,-3.83
2025-05-13T15:00:00Z,0.55
2025-05-13T16:00:00Z,74.0
2025-05-13T17:00:00Z,105.23
2025-05-13T18:00:00Z,151.07
2025-05-13T19:00:00Z,223.58
2025-05-13T20:00:00Z,148.96
2025-05-13T21:00:00Z,111.97
2025-05-13T22:00:00Z,102.63
2025-05-13T23:00:00Z,102.78
2025-05-14T00:00:00Z,97.3
2025-05-14T01:00:00Z,95.41
2025-05-14T02:00:00Z,96.96
2025-05-14T03:00:00Z,98.56
2025-05-14T04:00:00Z,103.94
2025-05-14T05:00:00Z,128.58
2025-05-14T06:00:00Z,122.51
2025-05-14T07:00:00Z,99.56
2025-05-14T08:00:00Z,70.92
2025-05-14T09:00:00Z,0.2
2025-05-14T10:00:00Z,-1.67
2025-05-14T11:00:00Z,-18.16
2025-05-14T12:00:00Z,-29.91
2025-05-14T13:00:00Z,-31.82
2025-05-14T14:00:00Z,-12.79
2025-05-14T15:00:00Z,-1.33
2025-05-14T16:00:00Z,30.94
2025-05-14T17:00:00Z,91.6
2025-05-14T18:00:00Z,114.0
2025-05-14T19:00:00Z,158.45
2025-05-14T20:00:00Z,132.59
2025-05-14T21:00:00Z,109.08
2025-05-14T22:00:00Z,99.86
2025-05-14T23:00:00Z,98.06
2025-05-15T00:00:00Z,89.88
2025-05-15T01:00:00Z,87.8
2025-05-15T02:00:00Z,87.63
2025-05-15T03:00:00Z,90.28
2025-05-15T04:00:00Z,98.94
2025-05-15T05:00:00Z,119.9
2025-05-15T06:00:00Z,119.91
2025-05-15T07:00:00Z,102.06
2025-05-15T08:00:00Z,75.65
2025-05-15T09:00:00Z,4.58
2025-05-15T10:00:00Z,-0.08
2025-05-15T11:00:00Z,-4.97
2025-05-15T12:00:00Z,-14.76
2025-05-15T13:00:00Z,-14.25
2025-05-15T14:00:00Z,-6.62
2025-05-15T15:00:00Z,-0.6
2025-05-15T16:00:00Z,3.83
2025-05-15T17:00:00Z,76.11
2025-05-15T18:00:00Z,108.97
2025-05-15T19:00:00Z,130.74
2025-05-15T20:00:00Z,125.13
2025-05-15T21:00:00Z,110.49
2025-05-15T22:00:00Z,101.0
2025-05-15T23:00:00Z,94.5
2025-05-16T00:00:00Z,88.47
2025-05-16T01:00:00Z,84.91
2025-05-16T02:00:00Z,85.0
2025-05-16T03:00:00Z,88.76
2025-05-16T04:00:00Z,98.26
2025-05-16T05:00:00Z,113.18
2025-05-16T06:00:00Z,117.6
2025-05-16T07:00:00Z,106.66
2025-05-16T08:00:00Z,78.99
2025-05-16T09:00:00Z,11.11
2025-05-16T10:00:00Z,-0.01
2025-05-16T11:00:00Z,-3.15
2025-05-16T12:00:00Z,-1.97
2025-05-16T13:00:00Z,-1.55
2025-05-16T14:00:00Z,-0.01
2025-05-16T15:00:00Z,2.98
2025-05-16T16:00:00Z,69.79
2025-05-16T17:00:00Z,100.05
2025-05-16T18:00:00Z,111.81
2025-05-16T19:00:00Z,154.91
2025-05-16T20:00:00Z,143.23
2025-05-16T21:00:00Z,116.08
2025-05-16T22:00:00Z,102.08
2025-05-16T23:00:00Z,93.0
2025-05-17T00:00:00Z,93.48
2025-05-17T01:00:00Z,88.93
2025-05-17T02:00:00Z,88.9
2025-05-17T03:00:00Z,89.89
2025-05-17T04:00:00Z,93.46
2025-05-17T05:00:00Z,91.56
2025-05-17T06:00:00Z,89.85
2025-05-17T07:00:00Z,59.11
2025-05-17T08:00:00Z,0.86
2025-05-17T09:00:00Z,-0.06
2025-05-17T10:00:00Z,-4.49
2025-05-17T11:00:00Z,-4.96
2025-05-17T12:00:00Z,-10.02
2025-05-17T13:00:00Z,-11.27
2025-05-17T14:00:00Z,-5.8
2025-05-17T15:00:00Z,-0.8
2025-05-17T16:00:00Z,5.01
2025-05-17T17:00:00Z,78.77
2025-05-17T18:00:00Z,99.64
2025-05-17T19:00:00Z,121.38
2025-05-17T20:00:00Z,130.21
2025-05-17T21:00:00Z,129.9
2025-05-17T22:00:00Z,111.6
2025-05-17T23:00:00Z,106.73
2025-05-18T00:00:00Z,101.49
2025-05-18T01:00:00Z,98.57
2025-05-18T02:00:00Z,97.4
2025-05-18T03:00:00Z,98.41
2025-05-18T04:00:00Z,97.98
2025-05-18T05:00:00Z,91.3
2025-05-18T06:00:00Z,87.16
2025-05-18T07:00:00Z,67.86
2025-05-18T08:00:00Z,10.1
2025-05-18T09:00:00Z,0.0
2025-05-18T10:00:00Z,-0.2
2025-05-18T11:00:00Z,-2.0
2025-05-18T12:00:00Z,-7.37
2025-05-18T13:00:00Z,-15.0
2025-05-18T14:00:00Z,-8.97
2025-05-18T15:00:00Z,-0.2
2025-05-18T16:00:00Z,9.67
2025-05-18T17:00:00Z,91.38
2025-05-18T18:00:00Z,108.4
2025-05-18T19:00:00Z,125.17
2025-05-18T20:00:00Z,130.47
2025-05-18T21:00:00Z,118.41
2025-05-18T22:00:00Z,103.62
2025-05-18T23:00:00Z,110.48
2025-05-19T00:00:00Z,102.62
2025-05-19T01:00:00Z,96.1
2025-05-19T02:00:00Z,92.95
2025-05-19T03:00:00Z,98.03
2025-05-19T04:00:00Z,109.39
2025-05-19T05:00:00Z,131.22
2025-05-19T06:00:00Z,137.22
2025-05-19T07:00:00Z,113.41
2025-05-19T08:00:00Z,93.69
2025-05-19T09:00:00Z,69.59
2025-05-19T10:00:00Z,28.56
2025-05-19T11:00:00Z,12.77
2025-05-19T12:00:00Z,5.0
2025-05-19T13:00:00Z,8.0
2025-05-19T14:00:00Z,28.15
2025-05-19T15:00:00Z,72.98
2025-05-19T16:00:00Z,97.09
2025-05-19T17:00:00Z,114.49
2025-05-19T18:00:00Z,148.45
2025-05-19T19:00:00Z,229.11
2025-05-19T20:00:00Z,154.86
2025-05-19T21:00:00Z,126.81
2025-05-19T22:00:00Z,111.88
2025-05-19T23:00:00Z,114.95
2025-05-20T00:00:00Z,106.03
2025-05-20T01:00:00Z,102.5
2025-05-20T02:00:00Z,104.04
2025-05-20T03:00:00Z,109.14
2025-05-20T04:00:00Z,118.96
2025-05-20T05:00:00Z,143.21
2025-05-20T06:00:00Z,130.81
2025-05-20T07:00:00Z,100.0
2025-05-20T08:00:00Z,85.2
2025-05-20T09:00:00Z,61.58
2025-05-20T10:00:00Z,15.95
2025-05-20T11:00:00Z,0.17
2025-05-20T12:00:00Z,0.01
2025-05-20T13:00:00Z,0.09
2025-05-20T14:00:00Z,7.61
2025-05-20T15:00:00Z,67.87
2025-05-20T16:00:00Z,97.15
2025-05-20T17:00:00Z,111.79
2025-05-20T18:00:00Z,141.23
2025-05-20T19:00:00Z,192.25
2025-05-20T20:00:00Z,148.97
2025-05-20T21:00:00Z,120.0
2025-05-20T22:00:00Z,107.93
2025-05-20T23:00:00Z,107.93
2025-05-21T00:00:00Z,102.33
2025-05-21T01:00:00Z,97.9
2025-05-21T02:00:00Z,94.9
2025-05-21T03:00:00Z,93.7
2025-05-21T04:00:00Z,102.49
2025-05-21T05:00:00Z,112.48
2025-05-21T06:00:00Z,116.54
2025-05-21T07:00:00Z,107.82
2025-05-21T08:00:00Z,84.82
2025-05-21T09:00:00Z,42.22
2025-05-21T10:00:00Z,0.15
2025-05-21T11:00:00Z,-0.1
2025-05-21T12:00:00Z,-2.2
2025-05-21T13:00:00Z,-1.53
2025-05-21T14:00:00Z,-0.01
2025-05-21T15:00:00Z,2.06
2025-05-21T16:00:00Z,49.08
2025-05-21T17:00:00Z,86.32
2025-05-21T18:00:00Z,100.1
2025-05-21T19:00:00Z,114.35
2025-05-21T20:00:00Z,110.27
2025-05-21T21:00:00Z,100.72
2025-05-21T22:00:00Z,90.0
2025-05-21T23:00:00Z,98.54
2025-05-22T00:00:00Z,88.28
2025-05-22T01:00:00Z,83.65
2025-05-22T02:00:00Z,81.5
2025-05-22T03:00:00Z,83.34
2025-05-22T04:00:00Z,90.0
2025-05-22T05:00:00Z,107.67
2025-05-22T06:00:00Z,106.01
2025-05-22T07:00:00Z,98.16
2025-05-22T08:00:00Z,54.54
2025-05-22T09:00:00Z,1.66
2025-05-22T10:00:00Z,0.01
2025-05-22T11:00:00Z,-1.91
2025-05-22T12:00:00Z,-12.77
2025-05-22T13:00:00Z,-15.4
2025-05-22T14:00:00Z,-10.9
2025-05-22T15:00:00Z,-2.99
2025-05-22T16:00:00Z,-0.01
2025-05-22T17:00:00Z,50.0
2025-05-22T18:00:00Z,106.84
2025-05-22T19:00:00Z,115.0
2025-05-22T20:00:00Z,127.25
2025-05-22T21:00:00Z,117.48
2025-05-22T22:00:00Z,103.23
2025-05-22T23:00:00Z,101.1
2025-05-23T00:00:00Z,93.16
2025-05-23T01:00:00Z,87.12
2025-05-23T02:00:00Z,86.56
2025-05-23T03:00:00Z,93.08
2025-05-23T04:00:00Z,106.82
2025-05-23T05:00:00Z,128.49
2025-05-23T06:00:00Z,132.8
2025-05-23T07:00:00Z,114.67
2025-05-23T08:00:00Z,85.9
2025-05-23T09:00:00Z,70.0
2025-05-23T10:00:00Z,54.05
2025-05-23T11:00:00Z,13.44
2025-05-23T12:00:00Z,0.62
2025-05-23T13:00:00Z,0.0
2025-05-23T14:00:00Z,0.0
2025-05-23T15:00:00Z,25.33
2025-05-23T16:00:00Z,71.91
2025-05-23T17:00:00Z,97.6
2025-05-23T18:00:00Z,114.36
2025-05-23T19:00:00Z,130.47
2025-05-23T20:00:00Z,139.29
2025-05-23T21:00:00Z,126.93
2025-05-23T22:00:00Z,108.0
2025-05-23T23:00:00Z,98.99
2025-05-24T00:00:00Z,94.76
2025-05-24T01:00:00Z,88.74
2025-05-24T02:00:00Z,84.22
2025-05-24T03:00:00Z,82.93
2025-05-24T04:00:00Z,80.71
2025-05-24T05:00:00Z,82.07
2025-05-24T06:00:00Z,76.9
2025-05-24T07:00:00Z,62.09
2025-05-24T08:00:00Z,12.26
2025-05-24T09:00:00Z,-0.01
2025-05-24T10:00:00Z,-0.11
2025-05-24T11:00:00Z,-0.15
2025-05-24T12:00:00Z,-0.19
2025-05-24T13:00:00Z,-0.39
2025-05-24T14:00:00Z,-1.77
2025-05-24T15:00:00Z,-0.39
2025-05-24T16:00:00Z,48.67
2025-05-24T17:00:00Z,85.34
2025-05-24T18:00:00Z,109.08
2025-05-24T19:00:00Z,111.0
2025-05-24T20:00:00Z,107.92
2025-05-24T21:00:00Z,92.06
2025-05-24T22:00:00Z,79.67
2025-05-24T23:00:00Z,23.82
2025-05-25T00:00:00Z,22.9
2025-05-25T01:00:00Z,14.39
2025-05-25T02:00:00Z,8.38
2025-05-25T03:00:00Z,3.9
2025-05-25T04:00:00Z,2.11
2025-05-25T05:00:00Z,1.17
2025-05-25T06:00:00Z,1.21
2025-05-25T07:00:00Z,0.03
2025-05-25T08:00:00Z,0.0
2025-05-25T09:00:00Z,-0.61
2025-05-25T10:00:00Z,-0.6
2025-05-25T11:00:00Z,-0.25
2025-05-25T12:00:00Z,-3.19
2025-05-25T13:00:00Z,-5.05
2025-05-25T14:00:00Z,-4.95
2025-05-25T15:00:00Z,-1.37
2025-05-25T16:00:00Z,0.0
2025-05-25T17:00:00Z,11.72
2025-05-25T18:00:00Z,92.95
2025-05-25T19:00:00Z,100.0
2025-05-25T20:00:00Z,107.41
2025-05-25T21:00:00Z,102.23
2025-05-25T22:00:00Z,92.92
2025-05-25T23:00:00Z,88.13
2025-05-26T00:00:00Z,79.12
2025-05-26T01:00:00Z,73.21
2025-05-26T02:00:00Z,71.83
2025-05-26T03:00:00Z,76.7
2025-05-26T04:00:00Z,85.48
2025-05-26T05:00:00Z,116.2
2025-05-26T06:00:00Z,143.17
2025-05-26T07:00:00Z,129.91
2025-05-26T08:00:00Z,91.41
2025-05-26T09:00:00Z,16.17
2025-05-26T10:00:00Z,0.05
2025-05-26T11:00:00Z,-0.42
2025-05-26T12:00:00Z,-1.45
2025-05-26T13:00:00Z,-1.18
2025-05-26T14:00:00Z,-0.82
2025-05-26T15:00:00Z,0.0
2025-05-26T16:00:00Z,17.65
2025-05-26T17:00:00Z,95.76
2025-05-26T18:00:00Z,119.33
2025-05-26T19:00:00Z,169.87
2025-05-26T20:00:00Z,161.57
2025-05-26T21:00:00Z,119.38
2025-05-26T22:00:00Z,98.86
2025-05-26T23:00:00Z,88.51
2025-05-27T00:00:00Z,73.92
2025-05-27T01:00:00Z,62.02
2025-05-27T02:00:00Z,61.98
2025-05-27T03:00:00Z,67.7
2025-05-27T04:00:00Z,62.2
2025-05-27T05:00:00Z,67.7
2025-05-27T06:00:00Z,73.9
2025-05-27T07:00:00Z,68.63
2025-05-27T08:00:00Z,50.17
2025-05-27T09:00:00Z,4.26
2025-05-27T10:00:00Z,3.19
2025-05-27T11:00:00Z,0.03
2025-05-27T12:00:00Z,0.02
2025-05-27T13:00:00Z,0.09
2025-05-27T14:00:00Z,3.14
2025-05-27T15:00:00Z,55.17
2025-05-27T16:00:00Z,84.55
2025-05-27T17:00:00Z,103.0
2025-05-27T18:00:00Z,122.64
2025-05-27T19:00:00Z,137.6
2025-05-27T20:00:00Z,111.16
2025-05-27T21:00:00Z,100.34
2025-05-27T22:00:00Z,82.41
2025-05-27T23:00:00Z,76.43
2025-05-28T00:00:00Z,69.01
2025-05-28T01:00:00Z,67.39
2025-05-28T02:00:00Z,61.01
2025-05-28T03:00:00Z,65.19
2025-05-28T04:00:00Z,72.52
2025-05-28T05:00:00Z,92.85
2025-05-28T06:00:00Z,100.09
2025-05-28T07:00:00Z,95.0
2025-05-28T08:00:00Z,90.0
2025-05-28T09:00:00Z,76.48
2025-05-28T10:00:00Z,71.46
2025-05-28T11:00:00Z,65.67
2025-05-28T12:00:00Z,58.03
2025-05-28T13:00:00Z,53.21
2025-05-28T14:00:00Z,42.1
2025-05-28T15:00:00Z,67.28
2025-05-28T16:00:00Z,83.7
2025-05-28T17:00:00Z,94.99
2025-05-28T18:00:00Z,114.83
2025-05-28T19:00:00Z,134.83
2025-05-28T20:00:00Z,139.91
2025-05-28T21:00:00Z,124.29
2025-05-28T22:00:00Z,104.27
2025-05-28T23:00:00Z,99.13
2025-05-29T00:00:00Z,94.8
2025-05-29T01:00:00Z,92.06
2025-05-29T02:00:00Z,91.55
2025-05-29T03:00:00Z,91.54
2025-05-29T04:00:00Z,91.36
2025-05-29T05:00:00Z,89.46
2025-05-29T06:00:00Z,86.49
2025-05-29T07:00:00Z,82.95
2025-05-29T08:00:00Z,62.83
2025-05-29T09:00:00Z,19.93
2025-05-29T10:00:00Z,1.71
2025-05-29T11:00:00Z,0.03
2025-05-29T12:00:00Z,-1.68
2025-05-29T13:00:00Z,-1.99
2025-05-29T14:00:00Z,-1.98
2025-05-29T15:00:00Z,-1.09
2025-05-29T16:00:00Z,23.13
2025-05-29T17:00:00Z,65.5
2025-05-29T18:00:00Z,80.2
2025-05-29T19:00:00Z,77.17
2025-05-29T20:00:00Z,73.73
2025-05-29T21:00:00Z,76.66
2025-05-29T22:00:00Z,57.5
2025-05-29T23:00:00Z,45.42
2025-05-30T00:00:00Z,25.67
2025-05-30T01:00:00Z,32.99
2025-05-30T02:00:00Z,33.95
2025-05-30T03:00:00Z,37.39
2025-05-30T04:00:00Z,55.08
2025-05-30T05:00:00Z,69.73
2025-05-30T06:00:00Z,68.38
2025-05-30T07:00:00Z,53.01
2025-05-30T08:00:00Z,29.13
2025-05-30T09:00:00Z,1.83
2025-05-30T10:00:00Z,-0.02
2025-05-30T11:00:00Z,-1.01
2025-05-30T12:00:00Z,-3.1
2025-05-30T13:00:00Z,-3.0
2025-05-30T14:00:00Z,-1.34
2025-05-30T15:00:00Z,-0.04
2025-05-30T16:00:00Z,5.88
2025-05-30T17:00:00Z,73.52
2025-05-30T18:00:00Z,111.84
2025-05-30T19:00:00Z,136.95
2025-05-30T20:00:00Z,145.89
2025-05-30T21:00:00Z,130.19
2025-05-30T22:00:00Z,108.15
2025-05-30T23:00:00Z,107.0
2025-05-31T00:00:00Z,99.94
2025-05-31T01:00:00Z,98.75
2025-05-31T02:00:00Z,99.07
2025-05-31T03:00:00Z,99.91
2025-05-31T04:00:00Z,98.29
2025-05-31T05:00:00Z,94.79
2025-05-31T06:00:00Z,84.61
2025-05-31T07:00:00Z,55.0
2025-05-31T08:00:00Z,1.0
2025-05-31T09:00:00Z,-0.02
2025-05-31T10:00:00Z,-1.0
2025-05-31T11:00:00Z,-3.07
2025-05-31T12:00:00Z,-13.17
2025-05-31T13:00:00Z,-7.75
2025-05-31T14:00:00Z,-3.0
2025-05-31T15:00:00Z,-0.05
2025-05-31T16:00:00Z,41.4
2025-05-31T17:00:00Z,88.85
2025-05-31T18:00:00Z,131.41
2025-05-31T19:00:00Z,192.35
2025-05-31T20:00:00Z,192.37
2025-05-31T21:00:00Z,133.49
2025-05-31T22:00:00Z,102.06
2025-05-31T23:00:00Z,92.53
2025-06-01T00:00:00Z,85.22
2025-06-01T01:00:00Z,77.13
2025-06-01T02:00:00Z,74.09
2025-06-01T03:00:00Z,72.66
2025-06-01T04:00:00Z,66.11
2025-06-01T05:00:00Z,35.84
2025-06-01T06:00:00Z,13.0
2025-06-01T07:00:00Z,2.4
2025-06-01T08:00:00Z,-0.01
2025-06-01T09:00:00Z,-0.6
2025-06-01T10:00:00Z,-2.11
2025-06-01T11:00:00Z,-5.48
2025-06-01T12:00:00Z,-12.93
2025-06-01T13:00:00Z,-20.41
2025-06-01T14:00:00Z,-15.61
2025-06-01T15:00:00Z,-6.0
2025-06-01T16:00:00Z,-0.99
2025-06-01T17:00:00Z,19.23
2025-06-01T18:00:00Z,78.85
2025-06-01T19:00:00Z,93.66
2025-06-01T20:00:00Z,106.86
2025-06-01T21:00:00Z,105.93
2025-06-01T22:00:00Z,90.49
2025-06-01T23:00:00Z,81.76
2025-06-02T00:00:00Z,75.31
2025-06-02T01:00:00Z,75.0
2025-06-02T02:00:00Z,77.75
2025-06-02T03:00:00Z,83.05
2025-06-02T04:00:00Z,91.93
2025-06-02T05:00:00Z,108.15
2025-06-02T06:00:00Z,117.9
2025-06-02T07:00:00Z,102.36
2025-06-02T08:00:00Z,85.6
2025-06-02T09:00:00Z,57.47
2025-06-02T10:00:00Z,33.21
2025-06-02T11:00:00Z,20.0
2025-06-02T12:00:00Z,12.78
2025-06-02T13:00:00Z,11.0
2025-06-02T14:00:00Z,19.75
2025-06-02T15:00:00Z,55.84
2025-06-02T16:00:00Z,82.8
2025-06-02T17:00:00Z,94.95
2025-06-02T18:00:00Z,109.32
2025-06-02T19:00:00Z,195.91
2025-06-02T20:00:00Z,245.37
2025-06-02T21:00:00Z,141.66
2025-06-02T22:00:00Z,110.04
2025-06-02T23:00:00Z,111.49
2025-06-03T00:00:00Z,109.91
2025-06-03T01:00:00Z,102.02
2025-06-03T02:00:00Z,99.23
2025-06-03T03:00:00Z,94.89
2025-06-03T04:00:00Z,107.6
2025-06-03T05:00:00Z,130.76
2025-06-03T06:00:00Z,116.85
2025-06-03T07:00:00Z,85.98
2025-06-03T08:00:00Z,59.46
2025-06-03T09:00:00Z,2.0
2025-06-03T10:00:00Z,-0.05
2025-06-03T11:00:00Z,-1.01
2025-06-03T12:00:00Z,-3.0
2025-06-03T13:00:00Z,-4.32
2025-06-03T14:00:00Z,-1.33
2025-06-03T15:00:00Z,0.0
2025-06-03T16:00:00Z,66.0
2025-06-03T17:00:00Z,87.79
2025-06-03T18:00:00Z,109.41
2025-06-03T19:00:00Z,132.9
2025-06-03T20:00:00Z,112.29
2025-06-03T21:00:00Z,106.12
2025-06-03T22:00:00Z,95.49
2025-06-03T23:00:00Z,74.95
2025-06-04T00:00:00Z,67.25
2025-06-04T01:00:00Z,64.78
2025-06-04T02:00:00Z,65.0
2025-06-04T03:00:00Z,68.32
2025-06-04T04:00:00Z,80.32
2025-06-04T05:00:00Z,99.77
2025-06-04T06:00:00Z,113.74
2025-06-04T07:00:00Z,112.4
2025-06-04T08:00:00Z,79.08
2025-06-04T09:00:00Z,72.4
2025-06-04T10:00:00Z,48.36
2025-06-04T11:00:00Z,20.12
2025-06-04T12:00:00Z,9.69
2025-06-04T13:00:00Z,18.26
2025-06-04T14:00:00Z,43.35
2025-06-04T15:00:00Z,72.4
2025-06-04T16:00:00Z,91.45
2025-06-04T17:00:00Z,108.91
2025-06-04T18:00:00Z,145.98
2025-06-04T19:00:00Z,192.85
2025-06-04T20:00:00Z,138.82
2025-06-04T21:00:00Z,112.43
2025-06-04T22:00:00Z,94.08
2025-06-04T23:00:00Z,97.67
2025-06-05T00:00:00Z,92.7
2025-06-05T01:00:00Z,86.84
2025-06-05T02:00:00Z,86.1
2025-06-05T03:00:00Z,87.01
2025-06-05T04:00:00Z,88.09
2025-06-05T05:00:00Z,113.78
2025-06-05T06:00:00Z,129.03
2025-06-05T07:00:00Z,116.6
2025-06-05T08:00:00Z,83.03
2025-06-05T09:00:00Z,66.0
2025-06-05T10:00:00Z,46.18
2025-06-05T11:00:00Z,20.0
2025-06-05T12:00:00Z,11.03
2025-06-05T13:00:00Z,7.07
2025-06-05T14:00:00Z,19.87
2025-06-05T15:00:00Z,57.5
2025-06-05T16:00:00Z,81.08
2025-06-05T17:00:00Z,100.94
2025-06-05T18:00:00Z,112.19
2025-06-05T19:00:00Z,136.4
2025-06-05T20:00:00Z,106.95
2025-06-05T21:00:00Z,96.37
2025-06-05T22:00:00Z,81.36
2025-06-05T23:00:00Z,76.29
2025-06-06T00:00:00Z,66.12
2025-06-06T01:00:00Z,60.86
2025-06-06T02:00:00Z,55.27
2025-06-06T03:00:00Z,52.78
2025-06-06T04:00:00Z,63.7
2025-06-06T05:00:00Z,67.02
2025-06-06T06:00:00Z,74.43
2025-06-06T07:00:00Z,59.61
2025-06-06T08:00:00Z,3.94
2025-06-06T09:00:00Z,-0.01
2025-06-06T10:00:00Z,-0.27
2025-06-06T11:00:00Z,-2.07
2025-06-06T12:00:00Z,-4.93
2025-06-06T13:00:00Z,-5.06
2025-06-06T14:00:00Z,-4.96
2025-06-06T15:00:00Z,-1.0
2025-06-06T16:00:00Z,0.0
2025-06-06T17:00:00Z,50.47
2025-06-06T18:00:00Z,84.19
2025-06-06T19:00:00Z,112.57
2025-06-06T20:00:00Z,129.29
2025-06-06T21:00:00Z,125.72
2025-06-06T22:00:00Z,103.24
2025-06-06T23:00:00Z,87.61
2025-06-07T00:00:00Z,83.5
2025-06-07T01:00:00Z,78.02
2025-06-07T02:00:00Z,81.89
2025-06-07T03:00:00Z,82.27
2025-06-07T04:00:00Z,81.99
2025-06-07T05:00:00Z,85.47
2025-06-07T06:00:00Z,86.74
2025-06-07T07:00:00Z,79.86
2025-06-07T08:00:00Z,65.3
2025-06-07T09:00:00Z,30.53
2025-06-07T10:00:00Z,9.44
2025-06-07T11:00:00Z,1.19
2025-06-07T12:00:00Z,-0.01
2025-06-07T13:00:00Z,-0.02
2025-06-07T14:00:00Z,-0.02
2025-06-07T15:00:00Z,-0.87
2025-06-07T16:00:00Z,26.91
2025-06-07T17:00:00Z,70.1
2025-06-07T18:00:00Z,85.01
2025-06-07T19:00:00Z,109.9
2025-06-07T20:00:00Z,110.26
2025-06-07T21:00:00Z,98.01
2025-06-07T22:00:00Z,80.09
2025-06-07T23:00:00Z,93.84
2025-06-08T00:00:00Z,83.0
2025-06-08T01:00:00Z,76.86
2025-06-08T02:00:00Z,69.74
2025-06-08T03:00:00Z,67.02
2025-06-08T04:00:00Z,55.66
2025-06-08T05:00:00Z,39.02
2025-06-08T06:00:00Z,3.71
2025-06-08T07:00:00Z,0.0
2025-06-08T08:00:00Z,-0.5
2025-06-08T09:00:00Z,-2.0
2025-06-08T10:00:00Z,-8.21
2025-06-08T11:00:00Z,-19.92
2025-06-08T12:00:00Z,-39.98
2025-06-08T13:00:00Z,-52.56
2025-06-08T14:00:00Z,-53.06
2025-06-08T15:00:00Z,-38.89
2025-06-08T16:00:00Z,-16.71
2025-06-08T17:00:00Z,-0.01
2025-06-08T18:00:00Z,39.65
2025-06-08T19:00:00Z,60.88
2025-06-08T20:00:00Z,69.55
2025-06-08T21:00:00Z,65.07
2025-06-08T22:00:00Z,51.13
2025-06-08T23:00:00Z,4.8
2025-06-09T00:00:00Z,4.15
2025-06-09T01:00:00Z,4.19
2025-06-09T02:00:00Z,4.27
2025-06-09T03:00:00Z,13.42
2025-06-09T04:00:00Z,32.2
2025-06-09T05:00:00Z,44.97
2025-06-09T06:00:00Z,40.04
2025-06-09T07:00:00Z,2.97
2025-06-09T08:00:00Z,-0.62
2025-06-09T09:00:00Z,-1.14
2025-06-09T10:00:00Z,-4.14
2025-06-09T11:00:00Z,-10.0
2025-06-09T12:00:00Z,-19.33
2025-06-09T13:00:00Z,-15.76
2025-06-09T14:00:00Z,-4.5
2025-06-09T15:00:00Z,-1.0
2025-06-09T16:00:00Z,0.09
2025-06-09T17:00:00Z,69.54
2025-06-09T18:00:00Z,117.79
2025-06-09T19:00:00Z,141.4
2025-06-09T20:00:00Z,148.42
2025-06-09T21:00:00Z,126.52
2025-06-09T22:00:00Z,101.19
2025-06-09T23:00:00Z,86.65
2025-06-10T00:00:00Z,78.07
2025-06-10T01:00:00Z,69.66
2025-06-10T02:00:00Z,59.95
2025-06-10T03:00:00Z,54.16
2025-06-10T04:00:00Z,62.18
2025-06-10T05:00:00Z,74.62
2025-06-10T06:00:00Z,82.79
2025-06-10T07:00:00Z,83.17
2025-06-10T08:00:00Z,69.0
2025-06-10T09:00:00Z,22.21
2025-06-10T10:00:00Z,0.1
2025-06-10T11:00:00Z,-0.19
2025-06-10T12:00:00Z,-2.33
2025-06-10T13:00:00Z,-4.26
2025-06-10T14:00:00Z,-1.04
2025-06-10T15:00:00Z,0.03
2025-06-10T16:00:00Z,53.99
2025-06-10T17:00:00Z,69.6
2025-06-10T18:00:00Z,82.08
2025-06-10T19:00:00Z,83.97
2025-06-10T20:00:00Z,91.28
2025-06-10T21:00:00Z,97.94
2025-06-10T22:00:00Z,85.31
2025-06-10T23:00:00Z,73.01
2025-06-11T00:00:00Z,71.38
2025-06-11T01:00:00Z,70.58
2025-06-11T02:00:00Z,69.86
2025-06-11T03:00:00Z,73.59
2025-06-11T04:00:00Z,83.6
2025-06-11T05:00:00Z,101.26
2025-06-11T06:00:00Z,107.8
2025-06-11T07:00:00Z,85.09
2025-06-11T08:00:00Z,66.7
2025-06-11T09:00:00Z,22.98
2025-06-11T10:00:00Z,1.3
2025-06-11T11:00:00Z,-0.36
2025-06-11T12:00:00Z,-0.97
2025-06-11T13:00:00Z,-3.4
2025-06-11T14:00:00Z,-2.4
2025-06-11T15:00:00Z,-0.01
2025-06-11T16:00:00Z,66.47
2025-06-11T17:00:00Z,89.34
2025-06-11T18:00:00Z,132.28
2025-06-11T19:00:00Z,217.0
2025-06-11T20:00:00Z,180.0
2025-06-11T21:00:00Z,119.34
2025-06-11T22:00:00Z,94.07
2025-06-11T23:00:00Z,92.91
2025-06-12T00:00:00Z,87.7
2025-06-12T01:00:00Z,85.43
2025-06-12T02:00:00Z,84.85
2025-06-12T03:00:00Z,89.06
2025-06-12T04:00:00Z,92.0
2025-06-12T05:00:00Z,114.85
2025-06-12T06:00:00Z,104.3
2025-06-12T07:00:00Z,78.86
2025-06-12T08:00:00Z,36.09
2025-06-12T09:00:00Z,0.0
2025-06-12T10:00:00Z,-2.0
2025-06-12T11:00:00Z,-15.91
2025-06-12T12:00:00Z,-27.9
2025-06-12T13:00:00Z,-25.47
2025-06-12T14:00:00Z,-11.57
2025-06-12T15:00:00Z,-2.78
2025-06-12T16:00:00Z,14.9
2025-06-12T17:00:00Z,79.96
2025-06-12T18:00:00Z,112.55
2025-06-12T19:00:00Z,132.0
2025-06-12T20:00:00Z,111.0
2025-06-12T21:00:00Z,105.0
2025-06-12T22:00:00Z,86.9
2025-06-12T23:00:00Z,70.29
2025-06-13T00:00:00Z,55.25
2025-06-13T01:00:00Z,58.61
2025-06-13T02:00:00Z,63.42
2025-06-13T03:00:00Z,63.84
2025-06-13T04:00:00Z,70.71
2025-06-13T05:00:00Z,83.68
2025-06-13T06:00:00Z,87.26
2025-06-13T07:00:00Z,77.39
2025-06-13T08:00:00Z,40.03
2025-06-13T09:00:00Z,4.1
2025-06-13T10:00:00Z,-0.03
2025-06-13T11:00:00Z,-2.05
2025-06-13T12:00:00Z,-6.09
2025-06-13T13:00:00Z,-6.01
2025-06-13T14:00:00Z,-2.38
2025-06-13T15:00:00Z,-0.01
2025-06-13T16:00:00Z,35.9
2025-06-13T17:00:00Z,80.04
2025-06-13T18:00:00Z,108.9
2025-06-13T19:00:00Z,111.19
2025-06-13T20:00:00Z,94.9
2025-06-13T21:00:00Z,90.0
2025-06-13T22:00:00Z,71.3
2025-06-13T23:00:00Z,73.99
2025-06-14T00:00:00Z,71.2
2025-06-14T01:00:00Z,66.15
2025-06-14T02:00:00Z,66.88
2025-06-14T03:00:00Z,68.06
2025-06-14T04:00:00Z,64.52
2025-06-14T05:00:00Z,54.68
2025-06-14T06:00:00Z,20.3
2025-06-14T07:00:00Z,7.74
2025-06-14T08:00:00Z,0.0
2025-06-14T09:00:00Z,-2.02
2025-06-14T10:00:00Z,-9.08
2025-06-14T11:00:00Z,-35.72
2025-06-14T12:00:00Z,-38.0
2025-06-14T13:00:00Z,-25.75
2025-06-14T14:00:00Z,-6.7
2025-06-14T15:00:00Z,-0.37
2025-06-14T16:00:00Z,8.86
2025-06-14T17:00:00Z,83.38
2025-06-14T18:00:00Z,121.55
2025-06-14T19:00:00Z,127.27
2025-06-14T20:00:00Z,117.68
2025-06-14T21:00:00Z,121.39
2025-06-14T22:00:00Z,109.0
2025-06-14T23:00:00Z,91.93
2025-06-15T00:00:00Z,88.87
2025-06-15T01:00:00Z,87.23
2025-06-15T02:00:00Z,90.94
2025-06-15T03:00:00Z,91.99
2025-06-15T04:00:00Z,92.15
2025-06-15T05:00:00Z,84.99
2025-06-15T06:00:00Z,66.21
2025-06-15T07:00:00Z,53.86
2025-06-15T08:00:00Z,5.55
2025-06-15T09:00:00Z,0.0
2025-06-15T10:00:00Z,-0.02
2025-06-15T11:00:00Z,-1.22
2025-06-15T12:00:00Z,-5.61
2025-06-15T13:00:00Z,-5.0
2025-06-15T14:00:00Z,-2.0
2025-06-15T15:00:00Z,-0.01
2025-06-15T16:00:00Z,54.79
2025-06-15T17:00:00Z,96.43
2025-06-15T18:00:00Z,109.0
2025-06-15T19:00:00Z,114.59
2025-06-15T20:00:00Z,135.43
2025-06-15T21:00:00Z,127.63
2025-06-15T22:00:00Z,106.54
2025-06-15T23:00:00Z,105.72
2025-06-16T00:00:00Z,91.64
2025-06-16T01:00:00Z,86.94
2025-06-16T02:00:00Z,84.0
2025-06-16T03:00:00Z,83.28
2025-06-16T04:00:00Z,88.39
2025-06-16T05:00:00Z,112.43
2025-06-16T06:00:00Z,123.49
2025-06-16T07:00:00Z,108.92
2025-06-16T08:00:00Z,84.49
2025-06-16T09:00:00Z,60.28
2025-06-16T10:00:00Z,14.02
2025-06-16T11:00:00Z,1.62
2025-06-16T12:00:00Z,0.07
2025-06-16T13:00:00Z,0.0
2025-06-16T14:00:00Z,0.0
2025-06-16T15:00:00Z,13.61
2025-06-16T16:00:00Z,70.0
2025-06-16T17:00:00Z,89.24
2025-06-16T18:00:00Z,116.0
2025-06-16T19:00:00Z,186.1
2025-06-16T20:00:00Z,190.0
2025-06-16T21:00:00Z,129.18
2025-06-16T22:00:00Z,106.9
2025-06-16T23:00:00Z,103.98
2025-06-17T00:00:00Z,98.26
2025-06-17T01:00:00Z,94.95
2025-06-17T02:00:00Z,94.19
2025-06-17T03:00:00Z,95.24
2025-06-17T04:00:00Z,102.51
2025-06-17T05:00:00Z,118.76
2025-06-17T06:00:00Z,107.01
2025-06-17T07:00:00Z,98.59
2025-06-17T08:00:00Z,70.74
2025-06-17T09:00:00Z,4.34
2025-06-17T10:00:00Z,-0.61
2025-06-17T11:00:00Z,-0.86
2025-06-17T12:00:00Z,-4.91
2025-06-17T13:00:00Z,-6.2
2025-06-17T14:00:00Z,-2.56
2025-06-17T15:00:00Z,8.65
2025-06-17T16:00:00Z,79.23
2025-06-17T17:00:00Z,103.36
2025-06-17T18:00:00Z,129.08
2025-06-17T19:00:00Z,241.8
2025-06-17T20:00:00Z,241.38
2025-06-17T21:00:00Z,138.19
2025-06-17T22:00:00Z,116.36
2025-06-17T23:00:00Z,113.0
2025-06-18T00:00:00Z,106.8
2025-06-18T01:00:00Z,101.5
2025-06-18T02:00:00Z,95.84
2025-06-18T03:00:00Z,97.01
2025-06-18T04:00:00Z,103.57
2025-06-18T05:00:00Z,112.35
2025-06-18T06:00:00Z,114.9
2025-06-18T07:00:00Z,111.39
2025-06-18T08:00:00Z,78.97
2025-06-18T09:00:00Z,21.77
2025-06-18T10:00:00Z,1.17
2025-06-18T11:00:00Z,-0.23
2025-06-18T12:00:00Z,-1.04
2025-06-18T13:00:00Z,-2.3
2025-06-18T14:00:00Z,-2.17
2025-06-18T15:00:00Z,0.99
2025-06-18T16:00:00Z,74.0
2025-06-18T17:00:00Z,107.15
2025-06-18T18:00:00Z,116.4
2025-06-18T19:00:00Z,140.99
2025-06-18T20:00:00Z,175.32
2025-06-18T21:00:00Z,133.06
2025-06-18T22:00:00Z,115.35
2025-06-18T23:00:00Z,112.2
2025-06-19T00:00:00Z,106.4
2025-06-19T01:00:00Z,105.29
2025-06-19T02:00:00Z,99.51
2025-06-19T03:00:00Z,100.94
2025-06-19T04:00:00Z,95.68
2025-06-19T05:00:00Z,101.51
2025-06-19T06:00:00Z,89.25
2025-06-19T07:00:00Z,71.25
2025-06-19T08:00:00Z,0.86
2025-06-19T09:00:00Z,-1.33
2025-06-19T10:00:00Z,-29.98
2025-06-19T11:00:00Z,-52.21
2025-06-19T12:00:00Z,-65.44
2025-06-19T13:00:00Z,-64.95
2025-06-19T14:00:00Z,-39.79
2025-06-19T15:00:00Z,-4.95
2025-06-19T16:00:00Z,2.3
2025-06-19T17:00:00Z,80.33
2025-06-19T18:00:00Z,118.47
2025-06-19T19:00:00Z,138.85
2025-06-19T20:00:00Z,141.8
2025-06-19T21:00:00Z,129.66
2025-06-19T22:00:00Z,108.89
2025-06-19T23:00:00Z,109.49
2025-06-20T00:00:00Z,104.57
2025-06-20T01:00:00Z,103.24
2025-06-20T02:00:00Z,105.01
2025-06-20T03:00:00Z,104.27
2025-06-20T04:00:00Z,109.04
2025-06-20T05:00:00Z,120.9
2025-06-20T06:00:00Z,118.66
2025-06-20T07:00:00Z,110.98
2025-06-20T08:00:00Z,81.69
2025-06-20T09:00:00Z,15.83
2025-06-20T10:00:00Z,4.03
2025-06-20T11:00:00Z,0.0
2025-06-20T12:00:00Z,-1.0
2025-06-20T13:00:00Z,-0.17
2025-06-20T14:00:00Z,0.91
2025-06-20T15:00:00Z,28.99
2025-06-20T16:00:00Z,87.35
2025-06-20T17:00:00Z,111.01
2025-06-20T18:00:00Z,136.13
2025-06-20T19:00:00Z,201.29
2025-06-20T20:00:00Z,178.63
2025-06-20T21:00:00Z,137.05
2025-06-20T22:00:00Z,121.38
2025-06-20T23:00:00Z,118.52
2025-06-21T00:00:00Z,110.48
2025-06-21T01:00:00Z,108.15
2025-06-21T02:00:00Z,106.76
2025-06-21T03:00:00Z,109.1
2025-06-21T04:00:00Z,104.45
2025-06-21T05:00:00Z,100.71
2025-06-21T06:00:00Z,90.74
2025-06-21T07:00:00Z,75.93
2025-06-21T08:00:00Z,23.4
2025-06-21T09:00:00Z,0.19
2025-06-21T10:00:00Z,-2.01
2025-06-21T11:00:00Z,-13.96
2025-06-21T12:00:00Z,-29.98
2025-06-21T13:00:00Z,-26.31
2025-06-21T14:00:00Z,-4.42
2025-06-21T15:00:00Z,0.09
2025-06-21T16:00:00Z,59.99
2025-06-21T17:00:00Z,100.95
2025-06-21T18:00:00Z,127.9
2025-06-21T19:00:00Z,156.74
2025-06-21T20:00:00Z,165.3
2025-06-21T21:00:00Z,140.78
2025-06-21T22:00:00Z,119.2
2025-06-21T23:00:00Z,108.15
2025-06-22T00:00:00Z,101.07
2025-06-22T01:00:00Z,97.46
2025-06-22T02:00:00Z,92.12
2025-06-22T03:00:00Z,89.69
2025-06-22T04:00:00Z,87.95
2025-06-22T05:00:00Z,71.98
2025-06-22T06:00:00Z,26.44
2025-06-22T07:00:00Z,0.0
2025-06-22T08:00:00Z,-0.09
2025-06-22T09:00:00Z,-11.11
2025-06-22T10:00:00Z,-38.56
2025-06-22T11:00:00Z,-67.41
2025-06-22T12:00:00Z,-99.01
2025-06-22T13:00:00Z,-81.0
2025-06-22T14:00:00Z,-40.09
2025-06-22T15:00:00Z,-7.68
2025-06-22T16:00:00Z,-0.01
2025-06-22T17:00:00Z,69.75
2025-06-22T18:00:00Z,109.33
2025-06-22T19:00:00Z,123.9
2025-06-22T20:00:00Z,134.33
2025-06-22T21:00:00Z,126.32
2025-06-22T22:00:00Z,101.63
2025-06-22T23:00:00Z,70.3
2025-06-23T00:00:00Z,63.8
2025-06-23T01:00:00Z,63.79
2025-06-23T02:00:00Z,64.51
2025-06-23T03:00:00Z,72.5
2025-06-23T04:00:00Z,84.92
2025-06-23T05:00:00Z,89.12
2025-06-23T06:00:00Z,92.24
2025-06-23T07:00:00Z,78.96
2025-06-23T08:00:00Z,18.64
2025-06-23T09:00:00Z,-0.01
2025-06-23T10:00:00Z,-6.11
2025-06-23T11:00:00Z,-12.76
2025-06-23T12:00:00Z,-26.45
2025-06-23T13:00:00Z,-32.75
2025-06-23T14:00:00Z,-32.69
2025-06-23T15:00:00Z,-25.0
2025-06-23T16:00:00Z,-13.11
2025-06-23T17:00:00Z,-1.01
2025-06-23T18:00:00Z,20.0
2025-06-23T19:00:00Z,83.5
2025-06-23T20:00:00Z,90.0
2025-06-23T21:00:00Z,97.78
2025-06-23T22:00:00Z,89.53
2025-06-23T23:00:00Z,77.08
2025-06-24T00:00:00Z,66.79
2025-06-24T01:00:00Z,63.79
2025-06-24T02:00:00Z,58.12
2025-06-24T03:00:00Z,66.52
2025-06-24T04:00:00Z,69.75
2025-06-24T05:00:00Z,88.15
2025-06-24T06:00:00Z,88.02
2025-06-24T07:00:00Z,41.27
2025-06-24T08:00:00Z,-0.01
2025-06-24T09:00:00Z,-4.01
2025-06-24T10:00:00Z,-12.41
2025-06-24T11:00:00Z,-20.09
2025-06-24T12:00:00Z,-22.75
2025-06-24T13:00:00Z,-19.27
2025-06-24T14:00:00Z,-7.56
2025-06-24T15:00:00Z,-3.06
2025-06-24T16:00:00Z,2.09
2025-06-24T17:00:00Z,61.77
2025-06-24T18:00:00Z,97.25
2025-06-24T19:00:00Z,123.9
2025-06-24T20:00:00Z,122.49
2025-06-24T21:00:00Z,97.41
2025-06-24T22:00:00Z,98.02
2025-06-24T23:00:00Z,78.85
2025-06-25T00:00:00Z,67.63
2025-06-25T01:00:00Z,70.02
2025-06-25T02:00:00Z,69.07
2025-06-25T03:00:00Z,70.01
2025-06-25T04:00:00Z,82.77
2025-06-25T05:00:00Z,105.72
2025-06-25T06:00:00Z,112.36
2025-06-25T07:00:00Z,97.87
2025-06-25T08:00:00Z,70.02
2025-06-25T09:00:00Z,10.07
2025-06-25T10:00:00Z,0.07
2025-06-25T11:00:00Z,-0.02
2025-06-25T12:00:00Z,-0.14
2025-06-25T13:00:00Z,-0.51
2025-06-25T14:00:00Z,0.0
2025-06-25T15:00:00Z,17.84
2025-06-25T16:00:00Z,84.47
2025-06-25T17:00:00Z,105.8
2025-06-25T18:00:00Z,134.19
2025-06-25T19:00:00Z,200.0
2025-06-25T20:00:00Z,247.02
2025-06-25T21:00:00Z,173.62
2025-06-25T22:00:00Z,126.84
2025-06-25T23:00:00Z,119.95
2025-06-26T00:00:00Z,107.63
2025-06-26T01:00:00Z,102.83
2025-06-26T02:00:00Z,98.62
2025-06-26T03:00:00Z,98.79
2025-06-26T04:00:00Z,102.91
2025-06-26T05:00:00Z,119.9
2025-06-26T06:00:00Z,120.91
2025-06-26T07:00:00Z,106.79
2025-06-26T08:00:00Z,96.45
2025-06-26T09:00:00Z,88.95
2025-06-26T10:00:00Z,77.88
2025-06-26T11:00:00Z,70.25
2025-06-26T12:00:00Z,59.25
2025-06-26T13:00:00Z,51.12
2025-06-26T14:00:00Z,48.99
2025-06-26T15:00:00Z,63.04
2025-06-26T16:00:00Z,70.3
2025-06-26T17:00:00Z,89.23
2025-06-26T18:00:00Z,93.95
2025-06-26T19:00:00Z,99.14
2025-06-26T20:00:00Z,100.0
2025-06-26T21:00:00Z,108.64
2025-06-26T22:00:00Z,97.23
2025-06-26T23:00:00Z,84.5
2025-06-27T00:00:00Z,78.83
2025-06-27T01:00:00Z,75.67
2025-06-27T02:00:00Z,80.41
2025-06-27T03:00:00Z,82.39
2025-06-27T04:00:00Z,88.9
2025-06-27T05:00:00Z,105.58
2025-06-27T06:00:00Z,113.2
2025-06-27T07:00:00Z,107.7
2025-06-27T08:00:00Z,90.94
2025-06-27T09:00:00Z,79.12
2025-06-27T10:00:00Z,67.45
2025-06-27T11:00:00Z,54.53
2025-06-27T12:00:00Z,28.3
2025-06-27T13:00:00Z,7.87
2025-06-27T14:00:00Z,9.88
2025-06-27T15:00:00Z,29.92
2025-06-27T16:00:00Z,70.68
2025-06-27T17:00:00Z,91.73
2025-06-27T18:00:00Z,107.15
2025-06-27T19:00:00Z,124.86
2025-06-27T20:00:00Z,134.94
2025-06-27T21:00:00Z,126.24
2025-06-27T22:00:00Z,107.7
2025-06-27T23:00:00Z,94.7
2025-06-28T00:00:00Z,89.61
2025-06-28T01:00:00Z,82.02
2025-06-28T02:00:00Z,76.59
2025-06-28T03:00:00Z,70.27
2025-06-28T04:00:00Z,75.4
2025-06-28T05:00:00Z,74.0
2025-06-28T06:00:00Z,58.84
2025-06-28T07:00:00Z,27.8
2025-06-28T08:00:00Z,2.34
2025-06-28T09:00:00Z,0.01
2025-06-28T10:00:00Z,-0.04
2025-06-28T11:00:00Z,-1.0
2025-06-28T12:00:00Z,-2.01
2025-06-28T13:00:00Z,-3.09
2025-06-28T14:00:00Z,-1.01
2025-06-28T15:00:00Z,-1.0
2025-06-28T16:00:00Z,2.97
2025-06-28T17:00:00Z,62.73
2025-06-28T18:00:00Z,95.03
2025-06-28T19:00:00Z,108.99
2025-06-28T20:00:00Z,123.86
2025-06-28T21:00:00Z,119.84
2025-06-28T22:00:00Z,103.5
2025-06-28T23:00:00Z,95.07
2025-06-29T00:00:00Z,89.42
2025-06-29T01:00:00Z,89.66
2025-06-29T02:00:00Z,86.82
2025-06-29T03:00:00Z,85.31
2025-06-29T04:00:00Z,85.3
2025-06-29T05:00:00Z,86.39
2025-06-29T06:00:00Z,74.92
2025-06-29T07:00:00Z,47.52
2025-06-29T08:00:00Z,1.99
2025-06-29T09:00:00Z,0.0
2025-06-29T10:00:00Z,-0.26
2025-06-29T11:00:00Z,-5.4
2025-06-29T12:00:00Z,-20.1
2025-06-29T13:00:00Z,-24.01
2025-06-29T14:00:00Z,-15.45
2025-06-29T15:00:00Z,-2.69
2025-06-29T16:00:00Z,0.01
2025-06-29T17:00:00Z,77.44
2025-06-29T18:00:00Z,102.14
2025-06-29T19:00:00Z,111.98
2025-06-29T20:00:00Z,118.07
2025-06-29T21:00:00Z,113.73
2025-06-29T22:00:00Z,101.0
2025-06-29T23:00:00Z,98.73
2025-06-30T00:00:00Z,89.03
2025-06-30T01:00:00Z,85.03
2025-06-30T02:00:00Z,84.13
2025-06-30T03:00:00Z,86.51
2025-06-30T04:00:00Z,97.41
2025-06-30T05:00:00Z,114.9
2025-06-30T06:00:00Z,111.7
2025-06-30T07:00:00Z,108.52
2025-06-30T08:00:00Z,91.77
2025-06-30T09:00:00Z,74.65
2025-06-30T10:00:00Z,43.73
2025-06-30T11:00:00Z,19.05
2025-06-30T12:00:00Z,9.96
2025-06-30T13:00:00Z,19.65
2025-06-30T14:00:00Z,60.0
2025-06-30T15:00:00Z,80.5
2025-06-30T16:00:00Z,91.98
2025-06-30T17:00:00Z,110.01
2025-06-30T18:00:00Z,178.94
2025-06-30T19:00:00Z,288.97
2025-06-30T20:00:00Z,233.35
2025-06-30T21:00:00Z,157.0
2025-06-30T22:00:00Z,122.65
2025-06-30T23:00:00Z,111.28
2025-07-01T00:00:00Z,95.29
2025-07-01T01:00:00Z,89.1
2025-07-01T02:00:00Z,88.08
2025-07-01T03:00:00Z,90.01
2025-07-01T04:00:00Z,96.5
2025-07-01T05:00:00Z,114.97
2025-07-01T06:00:00Z,120.11
2025-07-01T07:00:00Z,114.72
2025-07-01T08:00:00Z,91.19
2025-07-01T09:00:00Z,84.31
2025-07-01T10:00:00Z,69.56
2025-07-01T11:00:00Z,44.54
2025-07-01T12:00:00Z,42.47
2025-07-01T13:00:00Z,57.65
2025-07-01T14:00:00Z,78.14
2025-07-01T15:00:00Z,90.8
2025-07-01T16:00:00Z,102.02
2025-07-01T17:00:00Z,152.08
2025-07-01T18:00:00Z,307.27
2025-07-01T19:00:00Z,476.19
2025-07-01T20:00:00Z,406.81
2025-07-01T21:00:00Z,250.01
2025-07-01T22:00:00Z,147.65
2025-07-01T23:00:00Z,119.29
2025-07-02T00:00:00Z,102.7
2025-07-02T01:00:00Z,92.54
2025-07-02T02:00:00Z,92.08
2025-07-02T03:00:00Z,91.71
2025-07-02T04:00:00Z,100.55
2025-07-02T05:00:00Z,116.43
2025-07-02T06:00:00Z,110.42
2025-07-02T07:00:00Z,104.52
2025-07-02T08:00:00Z,92.62
2025-07-02T09:00:00Z,81.06
2025-07-02T10:00:00Z,69.93
2025-07-02T11:00:00Z,36.12
2025-07-02T12:00:00Z,32.59
2025-07-02T13:00:00Z,46.61
2025-07-02T14:00:00Z,71.49
2025-07-02T15:00:00Z,79.6
2025-07-02T16:00:00Z,89.27
2025-07-02T17:00:00Z,113.99
2025-07-02T18:00:00Z,186.01
2025-07-02T19:00:00Z,240.07
2025-07-02T20:00:00Z,180.21
2025-07-02T21:00:00Z,134.93
2025-07-02T22:00:00Z,108.5
2025-07-02T23:00:00Z,83.49
2025-07-03T00:00:00Z,81.15
2025-07-03T01:00:00Z,79.0
2025-07-03T02:00:00Z,78.93
2025-07-03T03:00:00Z,80.88
2025-07-03T04:00:00Z,86.45
2025-07-03T05:00:00Z,104.92
2025-07-03T06:00:00Z,108.03
2025-07-03T07:00:00Z,104.9
2025-07-03T08:00:00Z,90.45
2025-07-03T09:00:00Z,75.06
2025-07-03T10:00:00Z,57.35
2025-07-03T11:00:00Z,42.16
2025-07-03T12:00:00Z,33.91
2025-07-03T13:00:00Z,24.72
2025-07-03T14:00:00Z,37.86
2025-07-03T15:00:00Z,58.57
2025-07-03T16:00:00Z,81.0
2025-07-03T17:00:00Z,95.19
2025-07-03T18:00:00Z,107.2
2025-07-03T19:00:00Z,146.96
2025-07-03T20:00:00Z,166.67
2025-07-03T21:00:00Z,133.3
2025-07-03T22:00:00Z,117.03
2025-07-03T23:00:00Z,111.01
2025-07-04T00:00:00Z,105.45
2025-07-04T01:00:00Z,101.31
2025-07-04T02:00:00Z,98.44
2025-07-04T03:00:00Z,103.2
2025-07-04T04:00:00Z,106.63
2025-07-04T05:00:00Z,122.38
2025-07-04T06:00:00Z,116.46
2025-07-04T07:00:00Z,100.0
2025-07-04T08:00:00Z,91.15
2025-07-04T09:00:00Z,70.01
2025-07-04T10:00:00Z,6.69
2025-07-04T11:00:00Z,-0.05
2025-07-04T12:00:00Z,-1.56
2025-07-04T13:00:00Z,-1.37
2025-07-04T14:00:00Z,-0.61
2025-07-04T15:00:00Z,2.39
2025-07-04T16:00:00Z,62.04
2025-07-04T17:00:00Z,88.68
2025-07-04T18:00:00Z,110.0
2025-07-04T19:00:00Z,130.74
2025-07-04T20:00:00Z,150.1
2025-07-04T21:00:00Z,129.68
2025-07-04T22:00:00Z,107.99
2025-07-04T23:00:00Z,104.2
2025-07-05T00:00:00Z,94.98
2025-07-05T01:00:00Z,96.5
2025-07-05T02:00:00Z,93.4
2025-07-05T03:00:00Z,94.5
2025-07-05T04:00:00Z,83.49
2025-07-05T05:00:00Z,84.47
2025-07-05T06:00:00Z,43.77
2025-07-05T07:00:00Z,17.86
2025-07-05T08:00:00Z,3.34
2025-07-05T09:00:00Z,0.0
2025-07-05T10:00:00Z,-0.08
2025-07-05T11:00:00Z,-1.01
2025-07-05T12:00:00Z,-2.05
2025-07-05T13:00:00Z,-2.11
2025-07-05T14:00:00Z,-2.01
2025-07-05T15:00:00Z,-2.26
2025-07-05T16:00:00Z,0.0
2025-07-05T17:00:00Z,41.25
2025-07-05T18:00:00Z,85.0
2025-07-05T19:00:00Z,111.01
2025-07-05T20:00:00Z,122.96
2025-07-05T21:00:00Z,117.14
2025-07-05T22:00:00Z,108.21
2025-07-05T23:00:00Z,95.15
2025-07-06T00:00:00Z,89.5
2025-07-06T01:00:00Z,85.94
2025-07-06T02:00:00Z,83.95
2025-07-06T03:00:00Z,82.6
2025-07-06T04:00:00Z,82.0
2025-07-06T05:00:00Z,78.46
2025-07-06T06:00:00Z,77.57
2025-07-06T07:00:00Z,70.57
2025-07-06T08:00:00Z,38.81
2025-07-06T09:00:00Z,19.21
2025-07-06T10:00:00Z,13.19
2025-07-06T11:00:00Z,10.26
2025-07-06T12:00:00Z,5.85
2025-07-06T13:00:00Z,11.2
2025-07-06T14:00:00Z,50.57
2025-07-06T15:00:00Z,70.77
2025-07-06T16:00:00Z,100.29
2025-07-06T17:00:00Z,107.37
2025-07-06T18:00:00Z,112.16
2025-07-06T19:00:00Z,120.32
2025-07-06T20:00:00Z,125.04
2025-07-06T21:00:00Z,122.21
2025-07-06T22:00:00Z,110.78
2025-07-06T23:00:00Z,118.84
2025-07-07T00:00:00Z,107.42
2025-07-07T01:00:00Z,101.92
2025-07-07T02:00:00Z,99.12
2025-07-07T03:00:00Z,101.0
2025-07-07T04:00:00Z,108.22
2025-07-07T05:00:00Z,134.2
2025-07-07T06:00:00Z,143.67
2025-07-07T07:00:00Z,152.29
2025-07-07T08:00:00Z,131.99
2025-07-07T09:00:00Z,108.64
2025-07-07T10:00:00Z,108.98
2025-07-07T11:00:00Z,90.24
2025-07-07T12:00:00Z,71.0
2025-07-07T13:00:00Z,53.02
2025-07-07T14:00:00Z,50.67
2025-07-07T15:00:00Z,52.51
2025-07-07T16:00:00Z,72.3
2025-07-07T17:00:00Z,87.95
2025-07-07T18:00:00Z,92.27
2025-07-07T19:00:00Z,97.28
2025-07-07T20:00:00Z,109.92
2025-07-07T21:00:00Z,110.09
2025-07-07T22:00:00Z,95.82
2025-07-07T23:00:00Z,103.83
2025-07-08T00:00:00Z,92.9
2025-07-08T01:00:00Z,86.13
2025-07-08T02:00:00Z,84.78
2025-07-08T03:00:00Z,85.37
2025-07-08T04:00:00Z,91.14
2025-07-08T05:00:00Z,107.99
2025-07-08T06:00:00Z,118.65
2025-07-08T07:00:00Z,117.76
2025-07-08T08:00:00Z,94.06
2025-07-08T09:00:00Z,81.78
2025-07-08T10:00:00Z,78.44
2025-07-08T11:00:00Z,60.15
2025-07-08T12:00:00Z,54.72
2025-07-08T13:00:00Z,53.04
2025-07-08T14:00:00Z,54.65
2025-07-08T15:00:00Z,65.2
2025-07-08T16:00:00Z,79.98
2025-07-08T17:00:00Z,83.92
2025-07-08T18:00:00Z,102.1
2025-07-08T19:00:00Z,122.77
2025-07-08T20:00:00Z,123.34
2025-07-08T21:00:00Z,116.65
2025-07-08T22:00:00Z,100.95
2025-07-08T23:00:00Z,97.15
2025-07-09T00:00:00Z,86.85
2025-07-09T01:00:00Z,83.86
2025-07-09T02:00:00Z,84.65
2025-07-09T03:00:00Z,85.1
2025-07-09T04:00:00Z,96.15
2025-07-09T05:00:00Z,113.66
2025-07-09T06:00:00Z,116.46
2025-07-09T07:00:00Z,113.59
2025-07-09T08:00:00Z,95.66
2025-07-09T09:00:00Z,84.68
2025-07-09T10:00:00Z,77.77
2025-07-09T11:00:00Z,65.67
2025-07-09T12:00:00Z,46.69
2025-07-09T13:00:00Z,37.78
2025-07-09T14:00:00Z,48.32
2025-07-09T15:00:00Z,71.13
2025-07-09T16:00:00Z,84.73
2025-07-09T17:00:00Z,99.01
2025-07-09T18:00:00Z,115.98
2025-07-09T19:00:00Z,135.34
2025-07-09T20:00:00Z,138.24
2025-07-09T21:00:00Z,119.79
2025-07-09T22:00:00Z,104.9
2025-07-09T23:00:00Z,100.91
2025-07-10T00:00:00Z,95.73
2025-07-10T01:00:00Z,89.1
2025-07-10T02:00:00Z,86.45
2025-07-10T03:00:00Z,87.97
2025-07-10T04:00:00Z,98.62
2025-07-10T05:00:00Z,107.61
2025-07-10T06:00:00Z,107.23
2025-07-10T07:00:00Z,105.35
2025-07-10T08:00:00Z,88.9
2025-07-10T09:00:00Z,82.0
2025-07-10T10:00:00Z,65.33
2025-07-10T11:00:00Z,45.22
2025-07-10T12:00:00Z,39.51
2025-07-10T13:00:00Z,39.55
2025-07-10T14:00:00Z,56.71
2025-07-10T15:00:00Z,76.8
2025-07-10T16:00:00Z,86.4
2025-07-10T17:00:00Z,100.2
2025-07-10T18:00:00Z,114.39
2025-07-10T19:00:00Z,134.67
2025-07-10T20:00:00Z,132.7
2025-07-10T21:00:00Z,120.88
2025-07-10T22:00:00Z,107.69
2025-07-10T23:00:00Z,104.75
2025-07-11T00:00:00Z,99.57
2025-07-11T01:00:00Z,95.0
2025-07-11T02:00:00Z,90.69
2025-07-11T03:00:00Z,91.53
2025-07-11T04:00:00Z,99.4
2025-07-11T05:00:00Z,107.41
2025-07-11T06:00:00Z,105.92
2025-07-11T07:00:00Z,105.18
2025-07-11T08:00:00Z,93.3
2025-07-11T09:00:00Z,82.9
2025-07-11T10:00:00Z,73.15
2025-07-11T11:00:00Z,63.82
2025-07-11T12:00:00Z,42.16
2025-07-11T13:00:00Z,32.04
2025-07-11T14:00:00Z,38.1
2025-07-11T15:00:00Z,59.55
2025-07-11T16:00:00Z,83.15
2025-07-11T17:00:00Z,86.44
2025-07-11T18:00:00Z,101.93
2025-07-11T19:00:00Z,117.5
2025-07-11T20:00:00Z,118.08
2025-07-11T21:00:00Z,113.8
2025-07-11T22:00:00Z,103.82
2025-07-11T23:00:00Z,112.23
2025-07-12T00:00:00Z,104.57
2025-07-12T01:00:00Z,103.68
2025-07-12T02:00:00Z,97.4
2025-07-12T03:00:00Z,93.33
2025-07-12T04:00:00Z,89.94
2025-07-12T05:00:00Z,85.27
2025-07-12T06:00:00Z,87.98
2025-07-12T07:00:00Z,83.8
2025-07-12T08:00:00Z,59.86
2025-07-12T09:00:00Z,18.19
2025-07-12T10:00:00Z,3.0
2025-07-12T11:00:00Z,0.22
2025-07-12T12:00:00Z,0.0
2025-07-12T13:00:00Z,0.0
2025-07-12T14:00:00Z,0.22
2025-07-12T15:00:00Z,19.73
2025-07-12T16:00:00Z,73.89
2025-07-12T17:00:00Z,106.2
2025-07-12T18:00:00Z,109.2
2025-07-12T19:00:00Z,120.0
2025-07-12T20:00:00Z,125.02
2025-07-12T21:00:00Z,125.0
2025-07-12T22:00:00Z,115.42
2025-07-12T23:00:00Z,115.35
2025-07-13T00:00:00Z,109.14
2025-07-13T01:00:00Z,108.42
2025-07-13T02:00:00Z,107.35
2025-07-13T03:00:00Z,104.64
2025-07-13T04:00:00Z,100.85
2025-07-13T05:00:00Z,95.8
2025-07-13T06:00:00Z,92.18
2025-07-13T07:00:00Z,87.94
2025-07-13T08:00:00Z,57.62
2025-07-13T09:00:00Z,4.28
2025-07-13T10:00:00Z,0.05
2025-07-13T11:00:00Z,0.0
2025-07-13T12:00:00Z,0.0
2025-07-13T13:00:00Z,0.0
2025-07-13T14:00:00Z,0.0
2025-07-13T15:00:00Z,2.36
2025-07-13T16:00:00Z,73.4
2025-07-13T17:00:00Z,100.61
2025-07-13T18:00:00Z,113.74
2025-07-13T19:00:00Z,120.0
2025-07-13T20:00:00Z,127.7
2025-07-13T21:00:00Z,126.94
2025-07-13T22:00:00Z,115.41
2025-07-13T23:00:00Z,114.02
2025-07-14T00:00:00Z,104.01
2025-07-14T01:00:00Z,98.17
2025-07-14T02:00:00Z,94.94
2025-07-14T03:00:00Z,99.32
2025-07-14T04:00:00Z,108.93
2025-07-14T05:00:00Z,117.87
2025-07-14T06:00:00Z,121.62
2025-07-14T07:00:00Z,112.06
2025-07-14T08:00:00Z,92.43
2025-07-14T09:00:00Z,84.58
2025-07-14T10:00:00Z,79.67
2025-07-14T11:00:00Z,70.98
2025-07-14T12:00:00Z,64.17
2025-07-14T13:00:00Z,57.15
2025-07-14T14:00:00Z,55.82
2025-07-14T15:00:00Z,71.1
2025-07-14T16:00:00Z,84.58
2025-07-14T17:00:00Z,98.94
2025-07-14T18:00:00Z,110.11
2025-07-14T19:00:00Z,139.99
2025-07-14T20:00:00Z,141.57
2025-07-14T21:00:00Z,126.14
2025-07-14T22:00:00Z,115.15
2025-07-14T23:00:00Z,106.1
2025-07-15T00:00:00Z,103.06
2025-07-15T01:00:00Z,93.86
2025-07-15T02:00:00Z,88.28
2025-07-15T03:00:00Z,87.12
2025-07-15T04:00:00Z,93.0
2025-07-15T05:00:00Z,110.33
2025-07-15T06:00:00Z,113.41
2025-07-15T07:00:00Z,106.86
2025-07-15T08:00:00Z,90.82
2025-07-15T09:00:00Z,77.67
2025-07-15T10:00:00Z,65.0
2025-07-15T11:00:00Z,59.19
2025-07-15T12:00:00Z,47.26
2025-07-15T13:00:00Z,40.2
2025-07-15T14:00:00Z,42.57
2025-07-15T15:00:00Z,65.0
2025-07-15T16:00:00Z,84.87
2025-07-15T17:00:00Z,101.54
2025-07-15T18:00:00Z,108.15
2025-07-15T19:00:00Z,119.78
2025-07-15T20:00:00Z,141.99
2025-07-15T21:00:00Z,121.28
2025-07-15T22:00:00Z,112.45
2025-07-15T23:00:00Z,97.63
2025-07-16T00:00:00Z,93.99
2025-07-16T01:00:00Z,86.67
2025-07-16T02:00:00Z,83.43
2025-07-16T03:00:00Z,84.26
2025-07-16T04:00:00Z,90.41
2025-07-16T05:00:00Z,105.74
2025-07-16T06:00:00Z,112.63
2025-07-16T07:00:00Z,111.92
2025-07-16T08:00:00Z,104.21
2025-07-16T09:00:00Z,89.8
2025-07-16T10:00:00Z,85.65
2025-07-16T11:00:00Z,81.96
2025-07-16T12:00:00Z,78.62
2025-07-16T13:00:00Z,68.06
2025-07-16T14:00:00Z,69.2
2025-07-16T15:00:00Z,80.86
2025-07-16T16:00:00Z,89.09
2025-07-16T17:00:00Z,95.49
2025-07-16T18:00:00Z,108.37
2025-07-16T19:00:00Z,119.72
2025-07-16T20:00:00Z,129.04
2025-07-16T21:00:00Z,120.71
2025-07-16T22:00:00Z,110.55
2025-07-16T23:00:00Z,103.76
2025-07-17T00:00:00Z,98.33
2025-07-17T01:00:00Z,89.96
2025-07-17T02:00:00Z,84.81
2025-07-17T03:00:00Z,85.76
2025-07-17T04:00:00Z,89.0
2025-07-17T05:00:00Z,104.05
2025-07-17T06:00:00Z,110.33
2025-07-17T07:00:00Z,105.92
2025-07-17T08:00:00Z,93.1
2025-07-17T09:00:00Z,85.0
2025-07-17T10:00:00Z,77.07
2025-07-17T11:00:00Z,70.17
2025-07-17T12:00:00Z,55.26
2025-07-17T13:00:00Z,49.78
2025-07-17T14:00:00Z,66.18
2025-07-17T15:00:00Z,74.79
2025-07-17T16:00:00Z,82.71
2025-07-17T17:00:00Z,94.98
2025-07-17T18:00:00Z,109.73
2025-07-17T19:00:00Z,120.75
2025-07-17T20:00:00Z,132.0
2025-07-17T21:00:00Z,125.07
2025-07-17T22:00:00Z,114.18
2025-07-17T23:00:00Z,106.8
2025-07-18T00:00:00Z,99.15
2025-07-18T01:00:00Z,95.36
2025-07-18T02:00:00Z,96.37
2025-07-18T03:00:00Z,98.66
2025-07-18T04:00:00Z,108.23
2025-07-18T05:00:00Z,115.92
2025-07-18T06:00:00Z,116.17
2025-07-18T07:00:00Z,109.39
2025-07-18T08:00:00Z,98.13
2025-07-18T09:00:00Z,84.98
2025-07-18T10:00:00Z,82.02
2025-07-18T11:00:00Z,80.0
2025-07-18T12:00:00Z,73.02
2025-07-18T13:00:00Z,71.2
2025-07-18T14:00:00Z,72.68
2025-07-18T15:00:00Z,79.99
2025-07-18T16:00:00Z,84.07
2025-07-18T17:00:00Z,99.92
2025-07-18T18:00:00Z,120.0
2025-07-18T19:00:00Z,146.55
2025-07-18T20:00:00Z,144.44
2025-07-18T21:00:00Z,125.88
2025-07-18T22:00:00Z,113.48
2025-07-18T23:00:00Z,107.6
2025-07-19T00:00:00Z,105.35
2025-07-19T01:00:00Z,103.19
2025-07-19T02:00:00Z,101.63
2025-07-19T03:00:00Z,98.38
2025-07-19T04:00:00Z,93.69
2025-07-19T05:00:00Z,98.39
2025-07-19T06:00:00Z,86.89
2025-07-19T07:00:00Z,78.89
2025-07-19T08:00:00Z,52.98
2025-07-19T09:00:00Z,10.0
2025-07-19T10:00:00Z,0.65
2025-07-19T11:00:00Z,0.0
2025-07-19T12:00:00Z,-0.01
2025-07-19T13:00:00Z,0.0
2025-07-19T14:00:00Z,2.08
2025-07-19T15:00:00Z,29.33
2025-07-19T16:00:00Z,76.85
2025-07-19T17:00:00Z,98.4
2025-07-19T18:00:00Z,114.47
2025-07-19T19:00:00Z,112.87
2025-07-19T20:00:00Z,108.08
2025-07-19T21:00:00Z,105.63
2025-07-19T22:00:00Z,98.07
2025-07-19T23:00:00Z,91.29
2025-07-20T00:00:00Z,88.94
2025-07-20T01:00:00Z,89.27
2025-07-20T02:00:00Z,100.41
2025-07-20T03:00:00Z,101.7
2025-07-20T04:00:00Z,98.27
2025-07-20T05:00:00Z,97.2
2025-07-20T06:00:00Z,80.59
2025-07-20T07:00:00Z,77.86
2025-07-20T08:00:00Z,44.58
2025-07-20T09:00:00Z,9.04
2025-07-20T10:00:00Z,2.07
2025-07-20T11:00:00Z,0.0
2025-07-20T12:00:00Z,-0.01
2025-07-20T13:00:00Z,0.0
2025-07-20T14:00:00Z,9.09
2025-07-20T15:00:00Z,69.33
2025-07-20T16:00:00Z,92.74
2025-07-20T17:00:00Z,100.26
2025-07-20T18:00:00Z,112.0
2025-07-20T19:00:00Z,116.0
2025-07-20T20:00:00Z,115.01
2025-07-20T21:00:00Z,114.85
2025-07-20T22:00:00Z,105.05
2025-07-20T23:00:00Z,87.08
2025-07-21T00:00:00Z,79.73
2025-07-21T01:00:00Z,83.48
2025-07-21T02:00:00Z,83.3
2025-07-21T03:00:00Z,83.49
2025-07-21T04:00:00Z,96.22
2025-07-21T05:00:00Z,113.96
2025-07-21T06:00:00Z,126.56
2025-07-21T07:00:00Z,123.91
2025-07-21T08:00:00Z,109.64
2025-07-21T09:00:00Z,105.99
2025-07-21T10:00:00Z,98.88
2025-07-21T11:00:00Z,84.9
2025-07-21T12:00:00Z,81.73
2025-07-21T13:00:00Z,85.79
2025-07-21T14:00:00Z,87.96
2025-07-21T15:00:00Z,90.95
2025-07-21T16:00:00Z,104.3
2025-07-21T17:00:00Z,105.82
2025-07-21T18:00:00Z,119.69
2025-07-21T19:00:00Z,123.25
2025-07-21T20:00:00Z,120.09
2025-07-21T21:00:00Z,108.76
2025-07-21T22:00:00Z,100.04
2025-07-21T23:00:00Z,92.79
2025-07-22T00:00:00Z,87.2
2025-07-22T01:00:00Z,85.48
2025-07-22T02:00:00Z,82.0
2025-07-22T03:00:00Z,81.0
2025-07-22T04:00:00Z,89.28
2025-07-22T05:00:00Z,108.8
2025-07-22T06:00:00Z,109.28
2025-07-22T07:00:00Z,102.49
2025-07-22T08:00:00Z,91.29
2025-07-22T09:00:00Z,81.73
2025-07-22T10:00:00Z,68.41
2025-07-22T11:00:00Z,39.63
2025-07-22T12:00:00Z,10.0
2025-07-22T13:00:00Z,0.17
2025-07-22T14:00:00Z,4.16
2025-07-22T15:00:00Z,36.9
2025-07-22T16:00:00Z,75.79
2025-07-22T17:00:00Z,88.98
2025-07-22T18:00:00Z,108.57
2025-07-22T19:00:00Z,112.56
2025-07-22T20:00:00Z,113.22
2025-07-22T21:00:00Z,108.48
2025-07-22T22:00:00Z,102.93
2025-07-22T23:00:00Z,87.65
2025-07-23T00:00:00Z,79.47
2025-07-23T01:00:00Z,78.5
2025-07-23T02:00:00Z,76.04
2025-07-23T03:00:00Z,77.69
2025-07-23T04:00:00Z,80.64
2025-07-23T05:00:00Z,91.35
2025-07-23T06:00:00Z,99.87
2025-07-23T07:00:00Z,96.5
2025-07-23T08:00:00Z,81.69
2025-07-23T09:00:00Z,67.3
2025-07-23T10:00:00Z,53.5
2025-07-23T11:00:00Z,33.72
2025-07-23T12:00:00Z,23.73
2025-07-23T13:00:00Z,26.82
2025-07-23T14:00:00Z,40.3
2025-07-23T15:00:00Z,67.81
2025-07-23T16:00:00Z,78.05
2025-07-23T17:00:00Z,86.07
2025-07-23T18:00:00Z,105.0
2025-07-23T19:00:00Z,112.98
2025-07-23T20:00:00Z,119.74
2025-07-23T21:00:00Z,110.54
2025-07-23T22:00:00Z,103.06
2025-07-23T23:00:00Z,97.82
2025-07-24T00:00:00Z,94.08
2025-07-24T01:00:00Z,89.29
2025-07-24T02:00:00Z,89.29
2025-07-24T03:00:00Z,93.45
2025-07-24T04:00:00Z,102.65
2025-07-24T05:00:00Z,112.05
2025-07-24T06:00:00Z,117.22
2025-07-24T07:00:00Z,110.4
2025-07-24T08:00:00Z,96.22
2025-07-24T09:00:00Z,89.17
2025-07-24T10:00:00Z,84.39
2025-07-24T11:00:00Z,82.17
2025-07-24T12:00:00Z,80.43
2025-07-24T13:00:00Z,82.05
2025-07-24T14:00:00Z,84.77
2025-07-24T15:00:00Z,93.34
2025-07-24T16:00:00Z,100.6
2025-07-24T17:00:00Z,109.2
2025-07-24T18:00:00Z,130.0
2025-07-24T19:00:00Z,154.16
2025-07-24T20:00:00Z,140.64
2025-07-24T21:00:00Z,118.38
2025-07-24T22:00:00Z,109.39
2025-07-24T23:00:00Z,111.27
2025-07-25T00:00:00Z,103.67
2025-07-25T01:00:00Z,97.05
2025-07-25T02:00:00Z,92.94
2025-07-25T03:00:00Z,96.97
2025-07-25T04:00:00Z,98.2
2025-07-25T05:00:00Z,108.87
2025-07-25T06:00:00Z,112.95
2025-07-25T07:00:00Z,110.85
2025-07-25T08:00:00Z,98.2
2025-07-25T09:00:00Z,94.08
2025-07-25T10:00:00Z,85.15
2025-07-25T11:00:00Z,83.09
2025-07-25T12:00:00Z,78.7
2025-07-25T13:00:00Z,76.31
2025-07-25T14:00:00Z,79.27
2025-07-25T15:00:00Z,81.09
2025-07-25T16:00:00Z,84.02
2025-07-25T17:00:00Z,90.45
2025-07-25T18:00:00Z,101.81
2025-07-25T19:00:00Z,109.28
2025-07-25T20:00:00Z,121.21
2025-07-25T21:00:00Z,112.6
2025-07-25T22:00:00Z,110.25
2025-07-25T23:00:00Z,106.76
2025-07-26T00:00:00Z,100.7
2025-07-26T01:00:00Z,97.73
2025-07-26T02:00:00Z,96.65
2025-07-26T03:00:00Z,96.45
2025-07-26T04:00:00Z,94.89
2025-07-26T05:00:00Z,97.13
2025-07-26T06:00:00Z,96.1
2025-07-26T07:00:00Z,87.96
2025-07-26T08:00:00Z,85.85
2025-07-26T09:00:00Z,79.59
2025-07-26T10:00:00Z,75.2
2025-07-26T11:00:00Z,66.42
2025-07-26T12:00:00Z,49.87
2025-07-26T13:00:00Z,50.09
2025-07-26T14:00:00Z,68.07
2025-07-26T15:00:00Z,74.81
2025-07-26T16:00:00Z,84.2
2025-07-26T17:00:00Z,98.2
2025-07-26T18:00:00Z,106.6
2025-07-26T19:00:00Z,121.95
2025-07-26T20:00:00Z,127.07
2025-07-26T21:00:00Z,116.72
2025-07-26T22:00:00Z,108.8
2025-07-26T23:00:00Z,104.64
2025-07-27T00:00:00Z,99.47
2025-07-27T01:00:00Z,95.01
2025-07-27T02:00:00Z,92.07
2025-07-27T03:00:00Z,91.99
2025-07-27T04:00:00Z,89.88
2025-07-27T05:00:00Z,88.79
2025-07-27T06:00:00Z,86.58
2025-07-27T07:00:00Z,83.76
2025-07-27T08:00:00Z,81.71
2025-07-27T09:00:00Z,75.91
2025-07-27T10:00:00Z,70.52
2025-07-27T11:00:00Z,45.93
2025-07-27T12:00:00Z,15.04
2025-07-27T13:00:00Z,8.85
2025-07-27T14:00:00Z,17.3
2025-07-27T15:00:00Z,45.74
2025-07-27T16:00:00Z,82.36
2025-07-27T17:00:00Z,95.66
2025-07-27T18:00:00Z,102.47
2025-07-27T19:00:00Z,107.95
2025-07-27T20:00:00Z,114.71
2025-07-27T21:00:00Z,107.33
2025-07-27T22:00:00Z,102.69
2025-07-27T23:00:00Z,100.0
2025-07-28T00:00:00Z,88.77
2025-07-28T01:00:00Z,83.5
2025-07-28T02:00:00Z,79.67
2025-07-28T03:00:00Z,79.51
2025-07-28T04:00:00Z,89.52
2025-07-28T05:00:00Z,108.88
2025-07-28T06:00:00Z,121.97
2025-07-28T07:00:00Z,118.37
2025-07-28T08:00:00Z,105.45
2025-07-28T09:00:00Z,97.25
2025-07-28T10:00:00Z,90.96
2025-07-28T11:00:00Z,81.79
2025-07-28T12:00:00Z,77.52
2025-07-28T13:00:00Z,68.33
2025-07-28T14:00:00Z,73.97
2025-07-28T15:00:00Z,77.28
2025-07-28T16:00:00Z,88.12
2025-07-28T17:00:00Z,97.2
2025-07-28T18:00:00Z,103.59
2025-07-28T19:00:00Z,114.14
2025-07-28T20:00:00Z,114.34
2025-07-28T21:00:00Z,105.26
2025-07-28T22:00:00Z,92.43
2025-07-28T23:00:00Z,87.51
2025-07-29T00:00:00Z,84.1
2025-07-29T01:00:00Z,82.9
2025-07-29T02:00:00Z,82.1
2025-07-29T03:00:00Z,83.89
2025-07-29T04:00:00Z,92.88
2025-07-29T05:00:00Z,101.07
2025-07-29T06:00:00Z,109.25
2025-07-29T07:00:00Z,99.02
2025-07-29T08:00:00Z,80.2
2025-07-29T09:00:00Z,66.37
2025-07-29T10:00:00Z,54.0
2025-07-29T11:00:00Z,25.6
2025-07-29T12:00:00Z,4.34
2025-07-29T13:00:00Z,1.07
2025-07-29T14:00:00Z,6.2
2025-07-29T15:00:00Z,44.41
2025-07-29T16:00:00Z,78.24
2025-07-29T17:00:00Z,94.81
2025-07-29T18:00:00Z,105.32
2025-07-29T19:00:00Z,123.56
2025-07-29T20:00:00Z,126.01
2025-07-29T21:00:00Z,111.94
2025-07-29T22:00:00Z,102.07
2025-07-29T23:00:00Z,94.92
2025-07-30T00:00:00Z,90.88
2025-07-30T01:00:00Z,86.93
2025-07-30T02:00:00Z,83.24
2025-07-30T03:00:00Z,84.89
2025-07-30T04:00:00Z,94.72
2025-07-30T05:00:00Z,100.38
2025-07-30T06:00:00Z,97.47
2025-07-30T07:00:00Z,93.88
2025-07-30T08:00:00Z,79.02
2025-07-30T09:00:00Z,63.29
2025-07-30T10:00:00Z,40.43
2025-07-30T11:00:00Z,24.79
2025-07-30T12:00:00Z,17.69
2025-07-30T13:00:00Z,10.7
2025-07-30T14:00:00Z,28.03
2025-07-30T15:00:00Z,45.61
2025-07-30T16:00:00Z,75.68
2025-07-30T17:00:00Z,93.97
2025-07-30T18:00:00Z,101.86
2025-07-30T19:00:00Z,109.07
2025-07-30T20:00:00Z,109.0
2025-07-30T21:00:00Z,104.0
2025-07-30T22:00:00Z,92.41
2025-07-30T23:00:00Z,88.93
2025-07-31T00:00:00Z,82.11
2025-07-31T01:00:00Z,79.0
2025-07-31T02:00:00Z,77.27
2025-07-31T03:00:00Z,78.51
2025-07-31T04:00:00Z,85.43
2025-07-31T05:00:00Z,98.14
2025-07-31T06:00:00Z,100.46
2025-07-31T07:00:00Z,94.09
2025-07-31T08:00:00Z,88.91
2025-07-31T09:00:00Z,74.17
2025-07-31T10:00:00Z,70.04
2025-07-31T11:00:00Z,61.15
2025-07-31T12:00:00Z,48.05
2025-07-31T13:00:00Z,35.06
2025-07-31T14:00:00Z,55.07
2025-07-31T15:00:00Z,72.43
2025-07-31T16:00:00Z,84.56
2025-07-31T17:00:00Z,96.9
2025-07-31T18:00:00Z,111.92
2025-07-31T19:00:00Z,128.27
2025-07-31T20:00:00Z,125.11
2025-07-31T21:00:00Z,114.16
2025-07-31T22:00:00Z,102.79
2025-07-31T23:00:00Z,105.31
2025-08-01T00:00:00Z,98.54
2025-08-01T01:00:00Z,92.15
2025-08-01T02:00:00Z,89.17
2025-08-01T03:00:00Z,94.21
2025-08-01T04:00:00Z,100.58
2025-08-01T05:00:00Z,106.69
2025-08-01T06:00:00Z,110.71
2025-08-01T07:00:00Z,106.64
2025-08-01T08:00:00Z,103.67
2025-08-01T09:00:00Z,97.95
2025-08-01T10:00:00Z,84.1
2025-08-01T11:00:00Z,77.05
2025-08-01T12:00:00Z,61.97
2025-08-01T13:00:00Z,49.06
2025-08-01T14:00:00Z,49.1
2025-08-01T15:00:00Z,69.93
2025-08-01T16:00:00Z,83.59
2025-08-01T17:00:00Z,96.45
2025-08-01T18:00:00Z,109.51
2025-08-01T19:00:00Z,119.23
2025-08-01T20:00:00Z,117.51
2025-08-01T21:00:00Z,110.72
2025-08-01T22:00:00Z,102.73
2025-08-01T23:00:00Z,104.47
2025-08-02T00:00:00Z,100.32
2025-08-02T01:00:00Z,97.79
2025-08-02T02:00:00Z,92.16
2025-08-02T03:00:00Z,91.29
2025-08-02T04:00:00Z,90.77
2025-08-02T05:00:00Z,89.67
2025-08-02T06:00:00Z,84.7
2025-08-02T07:00:00Z,78.4
2025-08-02T08:00:00Z,65.68
2025-08-02T09:00:00Z,31.09
2025-08-02T10:00:00Z,5.68
2025-08-02T11:00:00Z,2.95
2025-08-02T12:00:00Z,0.0
2025-08-02T13:00:00Z,0.0
2025-08-02T14:00:00Z,0.0
2025-08-02T15:00:00Z,5.3
2025-08-02T16:00:00Z,60.69
2025-08-02T17:00:00Z,91.32
2025-08-02T18:00:00Z,102.0
2025-08-02T19:00:00Z,109.49
2025-08-02T20:00:00Z,108.42
2025-08-02T21:00:00Z,104.34
2025-08-02T22:00:00Z,95.0
2025-08-02T23:00:00Z,85.09
2025-08-03T00:00:00Z,77.52
2025-08-03T01:00:00Z,71.95
2025-08-03T02:00:00Z,68.14
2025-08-03T03:00:00Z,65.77
2025-08-03T04:00:00Z,59.98
2025-08-03T05:00:00Z,46.8
2025-08-03T06:00:00Z,26.0
2025-08-03T07:00:00Z,6.16
2025-08-03T08:00:00Z,0.0
2025-08-03T09:00:00Z,-1.01
2025-08-03T10:00:00Z,-2.1
2025-08-03T11:00:00Z,-3.0
2025-08-03T12:00:00Z,-9.9
2025-08-03T13:00:00Z,-10.08
2025-08-03T14:00:00Z,-4.98
2025-08-03T15:00:00Z,-1.5
2025-08-03T16:00:00Z,3.61
2025-08-03T17:00:00Z,71.13
2025-08-03T18:00:00Z,88.13
2025-08-03T19:00:00Z,97.87
2025-08-03T20:00:00Z,95.99
2025-08-03T21:00:00Z,97.3
2025-08-03T22:00:00Z,85.09
2025-08-03T23:00:00Z,81.05
2025-08-04T00:00:00Z,70.07
2025-08-04T01:00:00Z,69.97
2025-08-04T02:00:00Z,70.62
2025-08-04T03:00:00Z,74.03
2025-08-04T04:00:00Z,82.94
2025-08-04T05:00:00Z,95.12
2025-08-04T06:00:00Z,102.72
2025-08-04T07:00:00Z,101.44
2025-08-04T08:00:00Z,97.05
2025-08-04T09:00:00Z,80.05
2025-08-04T10:00:00Z,56.33
2025-08-04T11:00:00Z,14.84
2025-08-04T12:00:00Z,4.05
2025-08-04T13:00:00Z,0.66
2025-08-04T14:00:00Z,0.02
2025-08-04T15:00:00Z,22.09
2025-08-04T16:00:00Z,67.24
2025-08-04T17:00:00Z,80.91
2025-08-04T18:00:00Z,84.54
2025-08-04T19:00:00Z,80.21
2025-08-04T20:00:00Z,72.7
2025-08-04T21:00:00Z,66.63
2025-08-04T22:00:00Z,47.69
2025-08-04T23:00:00Z,21.52
2025-08-05T00:00:00Z,15.34
2025-08-05T01:00:00Z,15.9
2025-08-05T02:00:00Z,23.96
2025-08-05T03:00:00Z,54.47
2025-08-05T04:00:00Z,76.19
2025-08-05T05:00:00Z,92.25
2025-08-05T06:00:00Z,92.08
2025-08-05T07:00:00Z,74.74
2025-08-05T08:00:00Z,3.89
2025-08-05T09:00:00Z,-0.21
2025-08-05T10:00:00Z,-2.01
2025-08-05T11:00:00Z,-4.94
2025-08-05T12:00:00Z,-9.5
2025-08-05T13:00:00Z,-11.83
2025-08-05T14:00:00Z,-9.92
2025-08-05T15:00:00Z,-5.07
2025-08-05T16:00:00Z,-0.52
2025-08-05T17:00:00Z,1.07
2025-08-05T18:00:00Z,72.48
2025-08-05T19:00:00Z,89.97
2025-08-05T20:00:00Z,107.15
2025-08-05T21:00:00Z,87.18
2025-08-05T22:00:00Z,81.0
2025-08-05T23:00:00Z,75.13
2025-08-06T00:00:00Z,59.89
2025-08-06T01:00:00Z,60.76
2025-08-06T02:00:00Z,61.01
2025-08-06T03:00:00Z,60.35
2025-08-06T04:00:00Z,81.7
2025-08-06T05:00:00Z,103.77
2025-08-06T06:00:00Z,102.94
2025-08-06T07:00:00Z,83.94
2025-08-06T08:00:00Z,27.74
2025-08-06T09:00:00Z,-0.01
2025-08-06T10:00:00Z,-2.05
2025-08-06T11:00:00Z,-8.47
2025-08-06T12:00:00Z,-11.79
2025-08-06T13:00:00Z,-6.0
2025-08-06T14:00:00Z,-3.11
2025-08-06T15:00:00Z,-1.01
2025-08-06T16:00:00Z,52.15
2025-08-06T17:00:00Z,97.19
2025-08-06T18:00:00Z,113.7
2025-08-06T19:00:00Z,170.16
2025-08-06T20:00:00Z,157.08
2025-08-06T21:00:00Z,110.0
2025-08-06T22:00:00Z,101.6
2025-08-06T23:00:00Z,97.58
2025-08-07T00:00:00Z,97.04
2025-08-07T01:00:00Z,91.44
2025-08-07T02:00:00Z,88.79
2025-08-07T03:00:00Z,88.93
2025-08-07T04:00:00Z,92.85
2025-08-07T05:00:00Z,107.46
2025-08-07T06:00:00Z,106.5
2025-08-07T07:00:00Z,100.48
2025-08-07T08:00:00Z,77.63
2025-08-07T09:00:00Z,22.23
2025-08-07T10:00:00Z,0.0
2025-08-07T11:00:00Z,-0.12
2025-08-07T12:00:00Z,-1.99
2025-08-07T13:00:00Z,-0.29
2025-08-07T14:00:00Z,-0.01
2025-08-07T15:00:00Z,2.0
2025-08-07T16:00:00Z,65.59
2025-08-07T17:00:00Z,94.23
2025-08-07T18:00:00Z,111.95
2025-08-07T19:00:00Z,141.94
2025-08-07T20:00:00Z,127.5
2025-08-07T21:00:00Z,110.0
2025-08-07T22:00:00Z,101.28
2025-08-07T23:00:00Z,93.9
2025-08-08T00:00:00Z,89.49
2025-08-08T01:00:00Z,86.13
2025-08-08T02:00:00Z,82.66
2025-08-08T03:00:00Z,81.45
2025-08-08T04:00:00Z,91.14
2025-08-08T05:00:00Z,100.43
2025-08-08T06:00:00Z,103.05
2025-08-08T07:00:00Z,109.14
2025-08-08T08:00:00Z,89.9
2025-08-08T09:00:00Z,66.0
2025-08-08T10:00:00Z,8.39
2025-08-08T11:00:00Z,0.0
2025-08-08T12:00:00Z,-0.01
2025-08-08T13:00:00Z,-0.02
2025-08-08T14:00:00Z,-0.01
2025-08-08T15:00:00Z,10.49
2025-08-08T16:00:00Z,71.74
2025-08-08T17:00:00Z,103.86
2025-08-08T18:00:00Z,113.97
2025-08-08T19:00:00Z,144.62
2025-08-08T20:00:00Z,151.51
2025-08-08T21:00:00Z,121.59
2025-08-08T22:00:00Z,108.46
2025-08-08T23:00:00Z,101.93
2025-08-09T00:00:00Z,100.43
2025-08-09T01:00:00Z,99.94
2025-08-09T02:00:00Z,97.8
2025-08-09T03:00:00Z,96.87
2025-08-09T04:00:00Z,97.01
2025-08-09T05:00:00Z,97.26
2025-08-09T06:00:00Z,93.45
2025-08-09T07:00:00Z,70.19
2025-08-09T08:00:00Z,15.34
2025-08-09T09:00:00Z,-0.02
2025-08-09T10:00:00Z,-1.0
2025-08-09T11:00:00Z,-6.63
2025-08-09T12:00:00Z,-15.14
2025-08-09T13:00:00Z,-15.37
2025-08-09T14:00:00Z,-4.1
2025-08-09T15:00:00Z,-0.04
2025-08-09T16:00:00Z,6.29
2025-08-09T17:00:00Z,85.9
2025-08-09T18:00:00Z,104.2
2025-08-09T19:00:00Z,127.62
2025-08-09T20:00:00Z,119.31
2025-08-09T21:00:00Z,107.89
2025-08-09T22:00:00Z,94.97
2025-08-09T23:00:00Z,84.79
2025-08-10T00:00:00Z,83.23
2025-08-10T01:00:00Z,83.1
2025-08-10T02:00:00Z,77.95
2025-08-10T03:00:00Z,80.68
2025-08-10T04:00:00Z,83.69
2025-08-10T05:00:00Z,82.27
2025-08-10T06:00:00Z,74.7
2025-08-10T07:00:00Z,26.36
2025-08-10T08:00:00Z,-0.01
2025-08-10T09:00:00Z,-3.11
2025-08-10T10:00:00Z,-15.6
2025-08-10T11:00:00Z,-40.03
2025-08-10T12:00:00Z,-61.08
2025-08-10T13:00:00Z,-50.94
2025-08-10T14:00:00Z,-22.12
2025-08-10T15:00:00Z,-1.21
2025-08-10T16:00:00Z,2.13
2025-08-10T17:00:00Z,82.64
2025-08-10T18:00:00Z,108.55
2025-08-10T19:00:00Z,118.95
2025-08-10T20:00:00Z,122.45
2025-08-10T21:00:00Z,106.98
2025-08-10T22:00:00Z,98.9
2025-08-10T23:00:00Z,99.82
2025-08-11T00:00:00Z,91.97
2025-08-11T01:00:00Z,87.44
2025-08-11T02:00:00Z,85.19
2025-08-11T03:00:00Z,92.85
2025-08-11T04:00:00Z,103.51
2025-08-11T05:00:00Z,129.22
2025-08-11T06:00:00Z,133.49
2025-08-11T07:00:00Z,105.35
2025-08-11T08:00:00Z,90.75
2025-08-11T09:00:00Z,50.0
2025-08-11T10:00:00Z,2.54
2025-08-11T11:00:00Z,0.0
2025-08-11T12:00:00Z,0.0
2025-08-11T13:00:00Z,0.0
2025-08-11T14:00:00Z,9.0
2025-08-11T15:00:00Z,56.14
2025-08-11T16:00:00Z,92.25
2025-08-11T17:00:00Z,108.26
2025-08-11T18:00:00Z,154.0
2025-08-11T19:00:00Z,191.95
2025-08-11T20:00:00Z,138.88
2025-08-11T21:00:00Z,108.87
2025-08-11T22:00:00Z,96.0
2025-08-11T23:00:00Z,93.0
2025-08-12T00:00:00Z,89.67
2025-08-12T01:00:00Z,85.41
2025-08-12T02:00:00Z,85.13
2025-08-12T03:00:00Z,86.48
2025-08-12T04:00:00Z,93.97
2025-08-12T05:00:00Z,106.91
2025-08-12T06:00:00Z,104.63
2025-08-12T07:00:00Z,98.71
2025-08-12T08:00:00Z,92.49
2025-08-12T09:00:00Z,79.53
2025-08-12T10:00:00Z,40.41
2025-08-12T11:00:00Z,8.38
2025-08-12T12:00:00Z,3.0
2025-08-12T13:00:00Z,5.15
2025-08-12T14:00:00Z,35.05
2025-08-12T15:00:00Z,73.12
2025-08-12T16:00:00Z,94.06
2025-08-12T17:00:00Z,106.1
2025-08-12T18:00:00Z,149.31
2025-08-12T19:00:00Z,156.16
2025-08-12T20:00:00Z,140.4
2025-08-12T21:00:00Z,114.07
2025-08-12T22:00:00Z,97.73
2025-08-12T23:00:00Z,95.72
2025-08-13T00:00:00Z,90.0
2025-08-13T01:00:00Z,86.89
2025-08-13T02:00:00Z,84.71
2025-08-13T03:00:00Z,87.07
2025-08-13T04:00:00Z,93.3
2025-08-13T05:00:00Z,108.87
2025-08-13T06:00:00Z,107.52
2025-08-13T07:00:00Z,105.87
2025-08-13T08:00:00Z,93.6
2025-08-13T09:00:00Z,89.26
2025-08-13T10:00:00Z,68.2
2025-08-13T11:00:00Z,44.29
2025-08-13T12:00:00Z,27.89
2025-08-13T13:00:00Z,41.66
2025-08-13T14:00:00Z,70.9
2025-08-13T15:00:00Z,84.3
2025-08-13T16:00:00Z,96.64
2025-08-13T17:00:00Z,115.34
2025-08-13T18:00:00Z,193.3
2025-08-13T19:00:00Z,226.64
2025-08-13T20:00:00Z,154.52
2025-08-13T21:00:00Z,123.21
2025-08-13T22:00:00Z,106.27
2025-08-13T23:00:00Z,98.1
2025-08-14T00:00:00Z,92.0
2025-08-14T01:00:00Z,88.45
2025-08-14T02:00:00Z,88.2
2025-08-14T03:00:00Z,88.53
2025-08-14T04:00:00Z,97.52
2025-08-14T05:00:00Z,107.94
2025-08-14T06:00:00Z,109.92
2025-08-14T07:00:00Z,99.51
2025-08-14T08:00:00Z,91.1
2025-08-14T09:00:00Z,81.26
2025-08-14T10:00:00Z,67.57
2025-08-14T11:00:00Z,54.09
2025-08-14T12:00:00Z,41.02
2025-08-14T13:00:00Z,54.9
2025-08-14T14:00:00Z,69.43
2025-08-14T15:00:00Z,78.99
2025-08-14T16:00:00Z,97.22
2025-08-14T17:00:00Z,115.54
2025-08-14T18:00:00Z,233.8
2025-08-14T19:00:00Z,283.89
2025-08-14T20:00:00Z,155.84
2025-08-14T21:00:00Z,120.71
2025-08-14T22:00:00Z,105.95
2025-08-14T23:00:00Z,99.59
2025-08-15T00:00:00Z,98.97
2025-08-15T01:00:00Z,93.9
2025-08-15T02:00:00Z,90.33
2025-08-15T03:00:00Z,92.0
2025-08-15T04:00:00Z,96.91
2025-08-15T05:00:00Z,101.66
2025-08-15T06:00:00Z,101.31
2025-08-15T07:00:00Z,96.6
2025-08-15T08:00:00Z,83.47
2025-08-15T09:00:00Z,43.9
2025-08-15T10:00:00Z,3.0
2025-08-15T11:00:00Z,0.08
2025-08-15T12:00:00Z,0.0
2025-08-15T13:00:00Z,0.0
2025-08-15T14:00:00Z,1.72
2025-08-15T15:00:00Z,27.66
2025-08-15T16:00:00Z,77.96
2025-08-15T17:00:00Z,105.89
2025-08-15T18:00:00Z,114.38
2025-08-15T19:00:00Z,124.01
2025-08-15T20:00:00Z,111.5
2025-08-15T21:00:00Z,105.94
2025-08-15T22:00:00Z,95.96
2025-08-15T23:00:00Z,96.11
2025-08-16T00:00:00Z,90.92
2025-08-16T01:00:00Z,89.78
2025-08-16T02:00:00Z,85.35
2025-08-16T03:00:00Z,84.05
2025-08-16T04:00:00Z,87.09
2025-08-16T05:00:00Z,91.01
2025-08-16T06:00:00Z,90.02
2025-08-16T07:00:00Z,80.99
2025-08-16T08:00:00Z,67.94
2025-08-16T09:00:00Z,25.12
2025-08-16T10:00:00Z,3.8
2025-08-16T11:00:00Z,0.17
2025-08-16T12:00:00Z,-0.01
2025-08-16T13:00:00Z,-0.01
2025-08-16T14:00:00Z,-0.01
2025-08-16T15:00:00Z,0.71
2025-08-16T16:00:00Z,16.21
2025-08-16T17:00:00Z,69.92
2025-08-16T18:00:00Z,95.0
2025-08-16T19:00:00Z,102.62
2025-08-16T20:00:00Z,100.61
2025-08-16T21:00:00Z,95.0
2025-08-16T22:00:00Z,90.0
2025-08-16T23:00:00Z,91.28
2025-08-17T00:00:00Z,85.34
2025-08-17T01:00:00Z,86.86
2025-08-17T02:00:00Z,86.63
2025-08-17T03:00:00Z,87.73
2025-08-17T04:00:00Z,89.93
2025-08-17T05:00:00Z,89.89
2025-08-17T06:00:00Z,81.03
2025-08-17T07:00:00Z,76.24
2025-08-17T08:00:00Z,32.59
2025-08-17T09:00:00Z,9.96
2025-08-17T10:00:00Z,0.1
2025-08-17T11:00:00Z,-0.2
2025-08-17T12:00:00Z,-0.93
2025-08-17T13:00:00Z,-1.25
2025-08-17T14:00:00Z,0.65
2025-08-17T15:00:00Z,13.81
2025-08-17T16:00:00Z,72.4
2025-08-17T17:00:00Z,96.69
2025-08-17T18:00:00Z,110.0
2025-08-17T19:00:00Z,110.66
2025-08-17T20:00:00Z,110.14
2025-08-17T21:00:00Z,105.1
2025-08-17T22:00:00Z,102.54
2025-08-17T23:00:00Z,91.99
2025-08-18T00:00:00Z,87.13
2025-08-18T01:00:00Z,84.33
2025-08-18T02:00:00Z,83.85
2025-08-18T03:00:00Z,89.46
2025-08-18T04:00:00Z,99.27
2025-08-18T05:00:00Z,118.51
2025-08-18T06:00:00Z,130.13
2025-08-18T07:00:00Z,109.87
2025-08-18T08:00:00Z,88.84
2025-08-18T09:00:00Z,72.06
2025-08-18T10:00:00Z,45.93
2025-08-18T11:00:00Z,20.04
2025-08-18T12:00:00Z,14.23
2025-08-18T13:00:00Z,18.34
2025-08-18T14:00:00Z,54.56
2025-08-18T15:00:00Z,70.94
2025-08-18T16:00:00Z,90.32
2025-08-18T17:00:00Z,109.87
2025-08-18T18:00:00Z,185.5
2025-08-18T19:00:00Z,197.42
2025-08-18T20:00:00Z,124.67
2025-08-18T21:00:00Z,107.49
2025-08-18T22:00:00Z,102.0
2025-08-18T23:00:00Z,101.01
2025-08-19T00:00:00Z,94.82
2025-08-19T01:00:00Z,88.2
2025-08-19T02:00:00Z,86.37
2025-08-19T03:00:00Z,90.09
2025-08-19T04:00:00Z,102.5
2025-08-19T05:00:00Z,111.1
2025-08-19T06:00:00Z,109.95
2025-08-19T07:00:00Z,98.05
2025-08-19T08:00:00Z,88.57
2025-08-19T09:00:00Z,69.64
2025-08-19T10:00:00Z,43.23
2025-08-19T11:00:00Z,22.85
2025-08-19T12:00:00Z,8.97
2025-08-19T13:00:00Z,15.26
2025-08-19T14:00:00Z,30.89
2025-08-19T15:00:00Z,60.6
2025-08-19T16:00:00Z,91.48
2025-08-19T17:00:00Z,101.91
2025-08-19T18:00:00Z,120.51
2025-08-19T19:00:00Z,128.62
2025-08-19T20:00:00Z,111.06
2025-08-19T21:00:00Z,104.41
2025-08-19T22:00:00Z,97.2
2025-08-19T23:00:00Z,97.7
2025-08-20T00:00:00Z,93.18
2025-08-20T01:00:00Z,87.64
2025-08-20T02:00:00Z,85.78
2025-08-20T03:00:00Z,89.66
2025-08-20T04:00:00Z,98.8
2025-08-20T05:00:00Z,108.84
2025-08-20T06:00:00Z,110.12
2025-08-20T07:00:00Z,103.91
2025-08-20T08:00:00Z,90.05
2025-08-20T09:00:00Z,80.98
2025-08-20T10:00:00Z,69.06
2025-08-20T11:00:00Z,49.07
2025-08-20T12:00:00Z,35.0
2025-08-20T13:00:00Z,42.03
2025-08-20T14:00:00Z,73.02
2025-08-20T15:00:00Z,81.45
2025-08-20T16:00:00Z,101.69
2025-08-20T17:00:00Z,109.16
2025-08-20T18:00:00Z,135.15
2025-08-20T19:00:00Z,126.11
2025-08-20T20:00:00Z,114.95
2025-08-20T21:00:00Z,103.49
2025-08-20T22:00:00Z,97.34
2025-08-20T23:00:00Z,96.11
2025-08-21T00:00:00Z,90.73
2025-08-21T01:00:00Z,87.52
2025-08-21T02:00:00Z,90.88
2025-08-21T03:00:00Z,92.37
2025-08-21T04:00:00Z,108.59
2025-08-21T05:00:00Z,115.6
2025-08-21T06:00:00Z,116.89
2025-08-21T07:00:00Z,107.79
2025-08-21T08:00:00Z,97.32
2025-08-21T09:00:00Z,85.85
2025-08-21T10:00:00Z,77.64
2025-08-21T11:00:00Z,69.49
2025-08-21T12:00:00Z,66.09
2025-08-21T13:00:00Z,56.26
2025-08-21T14:00:00Z,68.2
2025-08-21T15:00:00Z,72.39
2025-08-21T16:00:00Z,92.88
2025-08-21T17:00:00Z,103.2
2025-08-21T18:00:00Z,106.39
2025-08-21T19:00:00Z,110.73
2025-08-21T20:00:00Z,110.73
2025-08-21T21:00:00Z,105.0
2025-08-21T22:00:00Z,95.78
2025-08-21T23:00:00Z,89.27
2025-08-22T00:00:00Z,81.99
2025-08-22T01:00:00Z,78.59
2025-08-22T02:00:00Z,77.52
2025-08-22T03:00:00Z,77.65
2025-08-22T04:00:00Z,87.9
2025-08-22T05:00:00Z,105.76
2025-08-22T06:00:00Z,107.45
2025-08-22T07:00:00Z,102.32
2025-08-22T08:00:00Z,90.02
2025-08-22T09:00:00Z,72.44
2025-08-22T10:00:00Z,42.5
2025-08-22T11:00:00Z,14.07
2025-08-22T12:00:00Z,3.84
2025-08-22T13:00:00Z,0.02
2025-08-22T14:00:00Z,4.01
2025-08-22T15:00:00Z,40.64
2025-08-22T16:00:00Z,73.14
2025-08-22T17:00:00Z,95.17
2025-08-22T18:00:00Z,106.07
2025-08-22T19:00:00Z,113.0
2025-08-22T20:00:00Z,107.63
2025-08-22T21:00:00Z,103.09
2025-08-22T22:00:00Z,94.37
2025-08-22T23:00:00Z,95.33
2025-08-23T00:00:00Z,89.32
2025-08-23T01:00:00Z,87.76
2025-08-23T02:00:00Z,85.21
2025-08-23T03:00:00Z,85.56
2025-08-23T04:00:00Z,85.6
2025-08-23T05:00:00Z,86.67
2025-08-23T06:00:00Z,86.78
2025-08-23T07:00:00Z,83.57
2025-08-23T08:00:00Z,62.9
2025-08-23T09:00:00Z,14.69
2025-08-23T10:00:00Z,3.29
2025-08-23T11:00:00Z,1.32
2025-08-23T12:00:00Z,0.06
2025-08-23T13:00:00Z,0.07
2025-08-23T14:00:00Z,3.52
2025-08-23T15:00:00Z,12.1
2025-08-23T16:00:00Z,72.19
2025-08-23T17:00:00Z,100.31
2025-08-23T18:00:00Z,112.22
2025-08-23T19:00:00Z,123.67
2025-08-23T20:00:00Z,120.43
2025-08-23T21:00:00Z,111.16
2025-08-23T22:00:00Z,105.28
2025-08-23T23:00:00Z,100.5
2025-08-24T00:00:00Z,95.13
2025-08-24T01:00:00Z,94.41
2025-08-24T02:00:00Z,92.13
2025-08-24T03:00:00Z,91.2
2025-08-24T04:00:00Z,90.97
2025-08-24T05:00:00Z,90.0
2025-08-24T06:00:00Z,85.01
2025-08-24T07:00:00Z,72.84
2025-08-24T08:00:00Z,4.8
2025-08-24T09:00:00Z,-0.01
2025-08-24T10:00:00Z,-0.07
2025-08-24T11:00:00Z,-1.98
2025-08-24T12:00:00Z,-7.45
2025-08-24T13:00:00Z,-7.4
2025-08-24T14:00:00Z,-0.1
2025-08-24T15:00:00Z,0.0
2025-08-24T16:00:00Z,63.36
2025-08-24T17:00:00Z,99.81
2025-08-24T18:00:00Z,110.5
2025-08-24T19:00:00Z,117.31
2025-08-24T20:00:00Z,114.32
2025-08-24T21:00:00Z,107.5
2025-08-24T22:00:00Z,100.52
2025-08-24T23:00:00Z,95.28
2025-08-25T00:00:00Z,87.03
2025-08-25T01:00:00Z,84.02
2025-08-25T02:00:00Z,82.9
2025-08-25T03:00:00Z,83.46
2025-08-25T04:00:00Z,102.46
2025-08-25T05:00:00Z,115.38
2025-08-25T06:00:00Z,125.0
2025-08-25T07:00:00Z,110.04
2025-08-25T08:00:00Z,91.97
2025-08-25T09:00:00Z,72.98
2025-08-25T10:00:00Z,35.02
2025-08-25T11:00:00Z,10.0
2025-08-25T12:00:00Z,5.93
2025-08-25T13:00:00Z,6.78
2025-08-25T14:00:00Z,25.2
2025-08-25T15:00:00Z,56.43
2025-08-25T16:00:00Z,86.67
2025-08-25T17:00:00Z,111.54
2025-08-25T18:00:00Z,159.03
2025-08-25T19:00:00Z,232.82
2025-08-25T20:00:00Z,138.04
2025-08-25T21:00:00Z,115.04
2025-08-25T22:00:00Z,105.15
2025-08-25T23:00:00Z,105.8
2025-08-26T00:00:00Z,100.44
2025-08-26T01:00:00Z,96.58
2025-08-26T02:00:00Z,94.79
2025-08-26T03:00:00Z,96.27
2025-08-26T04:00:00Z,106.6
2025-08-26T05:00:00Z,124.59
2025-08-26T06:00:00Z,123.45
2025-08-26T07:00:00Z,106.79
2025-08-26T08:00:00Z,90.0
2025-08-26T09:00:00Z,77.47
2025-08-26T10:00:00Z,61.6
2025-08-26T11:00:00Z,41.95
2025-08-26T12:00:00Z,26.28
2025-08-26T13:00:00Z,38.05
2025-08-26T14:00:00Z,72.39
2025-08-26T15:00:00Z,88.26
2025-08-26T16:00:00Z,105.05
2025-08-26T17:00:00Z,131.09
2025-08-26T18:00:00Z,196.88
2025-08-26T19:00:00Z,180.17
2025-08-26T20:00:00Z,123.3
2025-08-26T21:00:00Z,109.47
2025-08-26T22:00:00Z,97.67
2025-08-26T23:00:00Z,96.59
2025-08-27T00:00:00Z,89.98
2025-08-27T01:00:00Z,86.52
2025-08-27T02:00:00Z,87.25
2025-08-27T03:00:00Z,90.0
2025-08-27T04:00:00Z,97.73
2025-08-27T05:00:00Z,110.0
2025-08-27T06:00:00Z,115.19
2025-08-27T07:00:00Z,113.64
2025-08-27T08:00:00Z,101.63
2025-08-27T09:00:00Z,86.0
2025-08-27T10:00:00Z,79.29
2025-08-27T11:00:00Z,64.38
2025-08-27T12:00:00Z,50.68
2025-08-27T13:00:00Z,50.94
2025-08-27T14:00:00Z,76.18
2025-08-27T15:00:00Z,85.1
2025-08-27T16:00:00Z,104.94
2025-08-27T17:00:00Z,134.63
2025-08-27T18:00:00Z,222.07
2025-08-27T19:00:00Z,222.04
2025-08-27T20:00:00Z,128.87
2025-08-27T21:00:00Z,113.63
2025-08-27T22:00:00Z,103.57
2025-08-27T23:00:00Z,97.15
2025-08-28T00:00:00Z,91.92
2025-08-28T01:00:00Z,87.89
2025-08-28T02:00:00Z,87.09
2025-08-28T03:00:00Z,90.23
2025-08-28T04:00:00Z,98.72
2025-08-28T05:00:00Z,121.63
2025-08-28T06:00:00Z,143.79
2025-08-28T07:00:00Z,143.95
2025-08-28T08:00:00Z,121.84
2025-08-28T09:00:00Z,112.27
2025-08-28T10:00:00Z,108.13
2025-08-28T11:00:00Z,100.89
2025-08-28T12:00:00Z,100.96
2025-08-28T13:00:00Z,100.89
2025-08-28T14:00:00Z,100.66
2025-08-28T15:00:00Z,96.1
2025-08-28T16:00:00Z,129.84
2025-08-28T17:00:00Z,160.85
2025-08-28T18:00:00Z,210.0
2025-08-28T19:00:00Z,153.16
2025-08-28T20:00:00Z,124.18
2025-08-28T21:00:00Z,107.11
2025-08-28T22:00:00Z,92.15
2025-08-28T23:00:00Z,85.04
2025-08-29T00:00:00Z,83.27
2025-08-29T01:00:00Z,83.1
2025-08-29T02:00:00Z,81.59
2025-08-29T03:00:00Z,83.01
2025-08-29T04:00:00Z,91.0
2025-08-29T05:00:00Z,117.55
2025-08-29T06:00:00Z,121.39
2025-08-29T07:00:00Z,120.0
2025-08-29T08:00:00Z,110.36
2025-08-29T09:00:00Z,84.25
2025-08-29T10:00:00Z,78.08
2025-08-29T11:00:00Z,67.44
2025-08-29T12:00:00Z,53.96
2025-08-29T13:00:00Z,59.64
2025-08-29T14:00:00Z,73.06
2025-08-29T15:00:00Z,85.0
2025-08-29T16:00:00Z,104.82
2025-08-29T17:00:00Z,118.51
2025-08-29T18:00:00Z,147.68
2025-08-29T19:00:00Z,116.5
2025-08-29T20:00:00Z,111.96
2025-08-29T21:00:00Z,95.7
2025-08-29T22:00:00Z,86.07
2025-08-29T23:00:00Z,92.5
2025-08-30T00:00:00Z,86.56
2025-08-30T01:00:00Z,83.3
2025-08-30T02:00:00Z,81.51
2025-08-30T03:00:00Z,83.39
2025-08-30T04:00:00Z,87.72
2025-08-30T05:00:00Z,95.02
2025-08-30T06:00:00Z,98.09
2025-08-30T07:00:00Z,89.64
2025-08-30T08:00:00Z,78.6
2025-08-30T09:00:00Z,36.46
2025-08-30T10:00:00Z,5.23
2025-08-30T11:00:00Z,0.0
2025-08-30T12:00:00Z,-0.01
2025-08-30T13:00:00Z,-0.01
2025-08-30T14:00:00Z,-0.38
2025-08-30T15:00:00Z,9.48
2025-08-30T16:00:00Z,81.1
2025-08-30T17:00:00Z,103.9
2025-08-30T18:00:00Z,127.07
2025-08-30T19:00:00Z,129.98
2025-08-30T20:00:00Z,120.39
2025-08-30T21:00:00Z,104.94
2025-08-30T22:00:00Z,90.3
2025-08-30T23:00:00Z,88.74
2025-08-31T00:00:00Z,78.91
2025-08-31T01:00:00Z,70.53
2025-08-31T02:00:00Z,67.02
2025-08-31T03:00:00Z,63.79
2025-08-31T04:00:00Z,64.56
2025-08-31T05:00:00Z,65.0
2025-08-31T06:00:00Z,62.13
2025-08-31T07:00:00Z,22.3
2025-08-31T08:00:00Z,5.2
2025-08-31T09:00:00Z,-0.01
2025-08-31T10:00:00Z,-0.02
2025-08-31T11:00:00Z,-0.11
2025-08-31T12:00:00Z,-1.0
2025-08-31T13:00:00Z,-0.61
2025-08-31T14:00:00Z,0.0
2025-08-31T15:00:00Z,25.47
2025-08-31T16:00:00Z,79.74
2025-08-31T17:00:00Z,117.59
2025-08-31T18:00:00Z,135.1
2025-08-31T19:00:00Z,132.07
2025-08-31T20:00:00Z,114.15
2025-08-31T21:00:00Z,102.63
2025-08-31T22:00:00Z,89.76
2025-08-31T23:00:00Z,84.08
2025-09-01T00:00:00Z,81.43
2025-09-01T01:00:00Z,80.97
2025-09-01T02:00:00Z,80.03
2025-09-01T03:00:00Z,81.37
2025-09-01T04:00:00Z,92.58
2025-09-01T05:00:00Z,120.43
2025-09-01T06:00:00Z,125.67
2025-09-01T07:00:00Z,116.1
2025-09-01T08:00:00Z,98.19
2025-09-01T09:00:00Z,82.0
2025-09-01T10:00:00Z,69.4
2025-09-01T11:00:00Z,38.27
2025-09-01T12:00:00Z,25.03
2025-09-01T13:00:00Z,42.73
2025-09-01T14:00:00Z,67.76
2025-09-01T15:00:00Z,84.67
2025-09-01T16:00:00Z,109.7
2025-09-01T17:00:00Z,155.32
2025-09-01T18:00:00Z,250.65
2025-09-01T19:00:00Z,210.56
2025-09-01T20:00:00Z,125.2
2025-09-01T21:00:00Z,112.4
2025-09-01T22:00:00Z,100.53
2025-09-01T23:00:00Z,95.01
2025-09-02T00:00:00Z,90.11
2025-09-02T01:00:00Z,90.84
2025-09-02T02:00:00Z,92.5
2025-09-02T03:00:00Z,94.8
2025-09-02T04:00:00Z,106.85
2025-09-02T05:00:00Z,134.39
2025-09-02T06:00:00Z,153.67
2025-09-02T07:00:00Z,147.48
2025-09-02T08:00:00Z,121.05
2025-09-02T09:00:00Z,102.14
2025-09-02T10:00:00Z,84.66
2025-09-02T11:00:00Z,78.94
2025-09-02T12:00:00Z,79.73
2025-09-02T13:00:00Z,78.54
2025-09-02T14:00:00Z,84.37
2025-09-02T15:00:00Z,95.0
2025-09-02T16:00:00Z,108.97
2025-09-02T17:00:00Z,173.16
2025-09-02T18:00:00Z,311.51
2025-09-02T19:00:00Z,263.79
2025-09-02T20:00:00Z,140.92
2025-09-02T21:00:00Z,110.47
2025-09-02T22:00:00Z,91.21
2025-09-02T23:00:00Z,97.25
2025-09-03T00:00:00Z,90.74
2025-09-03T01:00:00Z,85.95
2025-09-03T02:00:00Z,81.72
2025-09-03T03:00:00Z,81.23
2025-09-03T04:00:00Z,86.97
2025-09-03T05:00:00Z,103.2
2025-09-03T06:00:00Z,112.34
2025-09-03T07:00:00Z,109.13
2025-09-03T08:00:00Z,85.3
2025-09-03T09:00:00Z,29.04
2025-09-03T10:00:00Z,0.03
2025-09-03T11:00:00Z,-0.1
2025-09-03T12:00:00Z,-0.1
2025-09-03T13:00:00Z,-0.28
2025-09-03T14:00:00Z,0.0
2025-09-03T15:00:00Z,3.89
2025-09-03T16:00:00Z,63.46
2025-09-03T17:00:00Z,102.35
2025-09-03T18:00:00Z,110.92
2025-09-03T19:00:00Z,104.0
2025-09-03T20:00:00Z,94.17
2025-09-03T21:00:00Z,80.68
2025-09-03T22:00:00Z,54.25
2025-09-03T23:00:00Z,21.65
2025-09-04T00:00:00Z,17.7
2025-09-04T01:00:00Z,17.87
2025-09-04T02:00:00Z,30.02
2025-09-04T03:00:00Z,59.92
2025-09-04T04:00:00Z,83.89
2025-09-04T05:00:00Z,107.87
2025-09-04T06:00:00Z,120.0
2025-09-04T07:00:00Z,108.09
2025-09-04T08:00:00Z,77.81
2025-09-04T09:00:00Z,41.45
2025-09-04T10:00:00Z,5.79
2025-09-04T11:00:00Z,3.2
2025-09-04T12:00:00Z,3.36
2025-09-04T13:00:00Z,34.89
2025-09-04T14:00:00Z,71.0
2025-09-04T15:00:00Z,90.05
2025-09-04T16:00:00Z,109.13
2025-09-04T17:00:00Z,191.8
2025-09-04T18:00:00Z,350.0
2025-09-04T19:00:00Z,218.82
2025-09-04T20:00:00Z,124.93
2025-09-04T21:00:00Z,112.14
2025-09-04T22:00:00Z,101.3
2025-09-04T23:00:00Z,95.25
2025-09-05T00:00:00Z,86.1
2025-09-05T01:00:00Z,85.26
2025-09-05T02:00:00Z,85.2
2025-09-05T03:00:00Z,85.6
2025-09-05T04:00:00Z,97.36
2025-09-05T05:00:00Z,119.16
2025-09-05T06:00:00Z,132.13
2025-09-05T07:00:00Z,125.75
2025-09-05T08:00:00Z,100.4
2025-09-05T09:00:00Z,87.83
2025-09-05T10:00:00Z,84.15
2025-09-05T11:00:00Z,78.25
2025-09-05T12:00:00Z,72.19
2025-09-05T13:00:00Z,70.17
2025-09-05T14:00:00Z,77.53
2025-09-05T15:00:00Z,85.0
2025-09-05T16:00:00Z,90.96
2025-09-05T17:00:00Z,108.95
2025-09-05T18:00:00Z,154.53
2025-09-05T19:00:00Z,150.75
2025-09-05T20:00:00Z,117.1
2025-09-05T21:00:00Z,107.71
2025-09-05T22:00:00Z,100.7
2025-09-05T23:00:00Z,101.21
2025-09-06T00:00:00Z,100.59
2025-09-06T01:00:00Z,99.57
2025-09-06T02:00:00Z,97.84
2025-09-06T03:00:00Z,96.96
2025-09-06T04:00:00Z,98.01
2025-09-06T05:00:00Z,102.6
2025-09-06T06:00:00Z,100.91
2025-09-06T07:00:00Z,95.98
2025-09-06T08:00:00Z,79.11
2025-09-06T09:00:00Z,11.35
2025-09-06T10:00:00Z,0.0
2025-09-06T11:00:00Z,-0.02
2025-09-06T12:00:00Z,-0.86
2025-09-06T13:00:00Z,-0.99
2025-09-06T14:00:00Z,-0.01
2025-09-06T15:00:00Z,40.99
2025-09-06T16:00:00Z,87.6
2025-09-06T17:00:00Z,116.47
2025-09-06T18:00:00Z,158.39
2025-09-06T19:00:00Z,139.54
2025-09-06T20:00:00Z,109.95
2025-09-06T21:00:00Z,92.95
2025-09-06T22:00:00Z,82.56
2025-09-06T23:00:00Z,89.72
2025-09-07T00:00:00Z,85.02
2025-09-07T01:00:00Z,80.77
2025-09-07T02:00:00Z,83.4
2025-09-07T03:00:00Z,82.92
2025-09-07T04:00:00Z,82.67
2025-09-07T05:00:00Z,81.5
2025-09-07T06:00:00Z,55.48
2025-09-07T07:00:00Z,0.0
2025-09-07T08:00:00Z,-0.09
2025-09-07T09:00:00Z,-4.0
2025-09-07T10:00:00Z,-20.09
2025-09-07T11:00:00Z,-40.02
2025-09-07T12:00:00Z,-53.4
2025-09-07T13:00:00Z,-49.99
2025-09-07T14:00:00Z,-21.21
2025-09-07T15:00:00Z,-2.47
2025-09-07T16:00:00Z,3.36
2025-09-07T17:00:00Z,95.91
2025-09-07T18:00:00Z,108.3
2025-09-07T19:00:00Z,96.25
2025-09-07T20:00:00Z,86.02
2025-09-07T21:00:00Z,85.01
2025-09-07T22:00:00Z,86.06
2025-09-07T23:00:00Z,79.66
2025-09-08T00:00:00Z,85.74
2025-09-08T01:00:00Z,84.7
2025-09-08T02:00:00Z,82.27
2025-09-08T03:00:00Z,83.79
2025-09-08T04:00:00Z,95.6
2025-09-08T05:00:00Z,109.9
2025-09-08T06:00:00Z,148.14
2025-09-08T07:00:00Z,125.53
2025-09-08T08:00:00Z,102.05
2025-09-08T09:00:00Z,85.83
2025-09-08T10:00:00Z,76.14
2025-09-08T11:00:00Z,65.35
2025-09-08T12:00:00Z,60.84
2025-09-08T13:00:00Z,69.65
2025-09-08T14:00:00Z,78.46
2025-09-08T15:00:00Z,99.72
2025-09-08T16:00:00Z,124.28
2025-09-08T17:00:00Z,196.61
2025-09-08T18:00:00Z,413.66
2025-09-08T19:00:00Z,308.52
2025-09-08T20:00:00Z,152.0
2025-09-08T21:00:00Z,123.93
2025-09-08T22:00:00Z,113.12
2025-09-08T23:00:00Z,114.52
2025-09-09T00:00:00Z,112.46
2025-09-09T01:00:00Z,110.35
2025-09-09T02:00:00Z,109.8
2025-09-09T03:00:00Z,110.86
2025-09-09T04:00:00Z,118.18
2025-09-09T05:00:00Z,182.39
2025-09-09T06:00:00Z,300.0
2025-09-09T07:00:00Z,196.98
2025-09-09T08:00:00Z,127.59
2025-09-09T09:00:00Z,101.73
2025-09-09T10:00:00Z,99.25
2025-09-09T11:00:00Z,87.18
2025-09-09T12:00:00Z,85.69
2025-09-09T13:00:00Z,85.51
2025-09-09T14:00:00Z,92.49
2025-09-09T15:00:00Z,103.35
2025-09-09T16:00:00Z,127.41
2025-09-09T17:00:00Z,192.68
2025-09-09T18:00:00Z,386.4
2025-09-09T19:00:00Z,215.59
2025-09-09T20:00:00Z,133.37
2025-09-09T21:00:00Z,115.79
2025-09-09T22:00:00Z,109.3
2025-09-09T23:00:00Z,106.93
2025-09-10T00:00:00Z,107.29
2025-09-10T01:00:00Z,103.73
2025-09-10T02:00:00Z,104.81
2025-09-10T03:00:00Z,104.55
2025-09-10T04:00:00Z,114.28
2025-09-10T05:00:00Z,133.35
2025-09-10T06:00:00Z,223.39
2025-09-10T07:00:00Z,171.94
2025-09-10T08:00:00Z,129.46
2025-09-10T09:00:00Z,107.33
2025-09-10T10:00:00Z,102.39
2025-09-10T11:00:00Z,88.85
2025-09-10T12:00:00Z,86.09
2025-09-10T13:00:00Z,87.8
2025-09-10T14:00:00Z,90.8
2025-09-10T15:00:00Z,105.07
2025-09-10T16:00:00Z,127.78
2025-09-10T17:00:00Z,170.59
2025-09-10T18:00:00Z,275.19
2025-09-10T19:00:00Z,169.07
2025-09-10T20:00:00Z,122.94
2025-09-10T21:00:00Z,101.58
2025-09-10T22:00:00Z,87.63
2025-09-10T23:00:00Z,88.21
2025-09-11T00:00:00Z,85.0
2025-09-11T01:00:00Z,77.13
2025-09-11T02:00:00Z,70.67
2025-09-11T03:00:00Z,70.67
2025-09-11T04:00:00Z,79.05
2025-09-11T05:00:00Z,111.18
2025-09-11T06:00:00Z,125.33
2025-09-11T07:00:00Z,120.36
2025-09-11T08:00:00Z,102.05
2025-09-11T09:00:00Z,73.64
2025-09-11T10:00:00Z,8.23
2025-09-11T11:00:00Z,-0.01
2025-09-11T12:00:00Z,-0.07
2025-09-11T13:00:00Z,-0.72
2025-09-11T14:00:00Z,0.0
2025-09-11T15:00:00Z,8.96
2025-09-11T16:00:00Z,75.82
2025-09-11T17:00:00Z,118.57
2025-09-11T18:00:00Z,132.86
2025-09-11T19:00:00Z,125.25
2025-09-11T20:00:00Z,111.45
2025-09-11T21:00:00Z,84.81
2025-09-11T22:00:00Z,63.89
2025-09-11T23:00:00Z,32.83
2025-09-12T00:00:00Z,33.23
2025-09-12T01:00:00Z,20.94
2025-09-12T02:00:00Z,16.35
2025-09-12T03:00:00Z,29.15
2025-09-12T04:00:00Z,51.84
2025-09-12T05:00:00Z,95.29
2025-09-12T06:00:00Z,105.73
2025-09-12T07:00:00Z,102.01
2025-09-12T08:00:00Z,48.07
2025-09-12T09:00:00Z,1.85
2025-09-12T10:00:00Z,-1.66
2025-09-12T11:00:00Z,-5.11
2025-09-12T12:00:00Z,-8.66
2025-09-12T13:00:00Z,-6.19
2025-09-12T14:00:00Z,-4.0
2025-09-12T15:00:00Z,-0.01
2025-09-12T16:00:00Z,57.69
2025-09-12T17:00:00Z,108.71
2025-09-12T18:00:00Z,155.36
2025-09-12T19:00:00Z,152.24
2025-09-12T20:00:00Z,113.96
2025-09-12T21:00:00Z,102.85
2025-09-12T22:00:00Z,96.66
2025-09-12T23:00:00Z,85.89
2025-09-13T00:00:00Z,72.75
2025-09-13T01:00:00Z,72.45
2025-09-13T02:00:00Z,72.45
2025-09-13T03:00:00Z,69.79
2025-09-13T04:00:00Z,72.75
2025-09-13T05:00:00Z,74.71
2025-09-13T06:00:00Z,74.11
2025-09-13T07:00:00Z,72.45
2025-09-13T08:00:00Z,53.85
2025-09-13T09:00:00Z,14.3
2025-09-13T10:00:00Z,2.37
2025-09-13T11:00:00Z,0.0
2025-09-13T12:00:00Z,-0.01
2025-09-13T13:00:00Z,-0.01
2025-09-13T14:00:00Z,-0.01
2025-09-13T15:00:00Z,3.88
2025-09-13T16:00:00Z,74.11
2025-09-13T17:00:00Z,108.1
2025-09-13T18:00:00Z,121.9
2025-09-13T19:00:00Z,118.77
2025-09-13T20:00:00Z,111.17
2025-09-13T21:00:00Z,100.0
2025-09-13T22:00:00Z,87.18
2025-09-13T23:00:00Z,85.69
2025-09-14T00:00:00Z,77.57
2025-09-14T01:00:00Z,80.61
2025-09-14T02:00:00Z,85.93
2025-09-14T03:00:00Z,93.77
2025-09-14T04:00:00Z,99.82
2025-09-14T05:00:00Z,100.75
2025-09-14T06:00:00Z,105.36
2025-09-14T07:00:00Z,108.48
2025-09-14T08:00:00Z,87.78
2025-09-14T09:00:00Z,61.68
2025-09-14T10:00:00Z,17.58
2025-09-14T11:00:00Z,6.52
2025-09-14T12:00:00Z,0.0
2025-09-14T13:00:00Z,-0.01
2025-09-14T14:00:00Z,0.0
2025-09-14T15:00:00Z,19.33
2025-09-14T16:00:00Z,98.2
2025-09-14T17:00:00Z,124.34
2025-09-14T18:00:00Z,153.29
2025-09-14T19:00:00Z,126.01
2025-09-14T20:00:00Z,97.37
2025-09-14T21:00:00Z,77.02
2025-09-14T22:00:00Z,14.27
2025-09-14T23:00:00Z,20.0
2025-09-15T00:00:00Z,3.87
2025-09-15T01:00:00Z,1.39
2025-09-15T02:00:00Z,0.01
2025-09-15T03:00:00Z,0.0
2025-09-15T04:00:00Z,0.9
2025-09-15T05:00:00Z,20.27
2025-09-15T06:00:00Z,54.31
2025-09-15T07:00:00Z,40.4
2025-09-15T08:00:00Z,0.9
2025-09-15T09:00:00Z,-0.47
2025-09-15T10:00:00Z,-2.61
2025-09-15T11:00:00Z,-8.0
2025-09-15T12:00:00Z,-14.27
2025-09-15T13:00:00Z,-13.7
2025-09-15T14:00:00Z,-8.9
2025-09-15T15:00:00Z,-5.24
2025-09-15T16:00:00Z,-0.53
2025-09-15T17:00:00Z,14.01
2025-09-15T18:00:00Z,53.93
2025-09-15T19:00:00Z,47.37
2025-09-15T20:00:00Z,5.33
2025-09-15T21:00:00Z,2.91
2025-09-15T22:00:00Z,0.06
2025-09-15T23:00:00Z,-0.01
2025-09-16T00:00:00Z,-0.09
2025-09-16T01:00:00Z,-0.23
2025-09-16T02:00:00Z,-1.05
2025-09-16T03:00:00Z,-1.33
2025-09-16T04:00:00Z,-0.01
2025-09-16T05:00:00Z,2.32
2025-09-16T06:00:00Z,16.21
2025-09-16T07:00:00Z,3.81
2025-09-16T08:00:00Z,-1.01
2025-09-16T09:00:00Z,-5.11
2025-09-16T10:00:00Z,-10.38
2025-09-16T11:00:00Z,-20.05
2025-09-16T12:00:00Z,-18.03
2025-09-16T13:00:00Z,-11.17
2025-09-16T14:00:00Z,-9.99
2025-09-16T15:00:00Z,-3.24
2025-09-16T16:00:00Z,0.0
2025-09-16T17:00:00Z,72.64
2025-09-16T18:00:00Z,103.33
2025-09-16T19:00:00Z,112.97
2025-09-16T20:00:00Z,92.97
2025-09-16T21:00:00Z,80.55
2025-09-16T22:00:00Z,65.44
2025-09-16T23:00:00Z,70.8
2025-09-17T00:00:00Z,63.47
2025-09-17T01:00:00Z,50.95
2025-09-17T02:00:00Z,48.53
2025-09-17T03:00:00Z,60.01
2025-09-17T04:00:00Z,73.82
2025-09-17T05:00:00Z,98.85
2025-09-17T06:00:00Z,117.34
2025-09-17T07:00:00Z,112.74
2025-09-17T08:00:00Z,95.14
2025-09-17T09:00:00Z,69.14
2025-09-17T10:00:00Z,41.38
2025-09-17T11:00:00Z,10.5
2025-09-17T12:00:00Z,7.88
2025-09-17T13:00:00Z,10.59
2025-09-17T14:00:00Z,43.09
2025-09-17T15:00:00Z,81.17
2025-09-17T16:00:00Z,110.0
2025-09-17T17:00:00Z,123.31
2025-09-17T18:00:00Z,142.58
2025-09-17T19:00:00Z,123.52
2025-09-17T20:00:00Z,94.2
2025-09-17T21:00:00Z,86.1
2025-09-17T22:00:00Z,73.07
2025-09-17T23:00:00Z,53.12
2025-09-18T00:00:00Z,48.29
2025-09-18T01:00:00Z,38.47
2025-09-18T02:00:00Z,37.96
2025-09-18T03:00:00Z,48.12
2025-09-18T04:00:00Z,74.15
2025-09-18T05:00:00Z,105.81
2025-09-18T06:00:00Z,117.21
2025-09-18T07:00:00Z,111.28
2025-09-18T08:00:00Z,90.8
2025-09-18T09:00:00Z,65.1
2025-09-18T10:00:00Z,5.89
2025-09-18T11:00:00Z,0.2
2025-09-18T12:00:00Z,0.0
2025-09-18T13:00:00Z,0.0
2025-09-18T14:00:00Z,0.52
2025-09-18T15:00:00Z,15.31
2025-09-18T16:00:00Z,89.79
2025-09-18T17:00:00Z,115.45
2025-09-18T18:00:00Z,134.23
2025-09-18T19:00:00Z,128.68
2025-09-18T20:00:00Z,110.0
2025-09-18T21:00:00Z,98.94
2025-09-18T22:00:00Z,88.2
2025-09-18T23:00:00Z,74.09
2025-09-19T00:00:00Z,72.47
2025-09-19T01:00:00Z,73.45
2025-09-19T02:00:00Z,73.7
2025-09-19T03:00:00Z,74.02
2025-09-19T04:00:00Z,89.59
2025-09-19T05:00:00Z,118.92
2025-09-19T06:00:00Z,143.42
2025-09-19T07:00:00Z,118.29
2025-09-19T08:00:00Z,95.18
2025-09-19T09:00:00Z,53.7
2025-09-19T10:00:00Z,13.03
2025-09-19T11:00:00Z,0.99
2025-09-19T12:00:00Z,0.0
2025-09-19T13:00:00Z,0.0
2025-09-19T14:00:00Z,11.97
2025-09-19T15:00:00Z,74.46
2025-09-19T16:00:00Z,119.44
2025-09-19T17:00:00Z,255.21
2025-09-19T18:00:00Z,409.24
2025-09-19T19:00:00Z,167.59
2025-09-19T20:00:00Z,111.82
2025-09-19T21:00:00Z,86.04
2025-09-19T22:00:00Z,78.93
2025-09-19T23:00:00Z,87.24
2025-09-20T00:00:00Z,77.91
2025-09-20T01:00:00Z,74.99
2025-09-20T02:00:00Z,74.8
2025-09-20T03:00:00Z,74.79
2025-09-20T04:00:00Z,80.21
2025-09-20T05:00:00Z,88.51
2025-09-20T06:00:00Z,86.97
2025-09-20T07:00:00Z,75.29
2025-09-20T08:00:00Z,24.9
2025-09-20T09:00:00Z,3.02
2025-09-20T10:00:00Z,-0.28
2025-09-20T11:00:00Z,-6.1
2025-09-20T12:00:00Z,-10.86
2025-09-20T13:00:00Z,-5.1
2025-09-20T14:00:00Z,-0.04
2025-09-20T15:00:00Z,26.36
2025-09-20T16:00:00Z,93.84
2025-09-20T17:00:00Z,124.58
2025-09-20T18:00:00Z,134.1
2025-09-20T19:00:00Z,99.08
2025-09-20T20:00:00Z,81.95
2025-09-20T21:00:00Z,74.5
2025-09-20T22:00:00Z,48.3
2025-09-20T23:00:00Z,8.07
2025-09-21T00:00:00Z,3.7
2025-09-21T01:00:00Z,3.46
2025-09-21T02:00:00Z,1.65
2025-09-21T03:00:00Z,2.08
2025-09-21T04:00:00Z,3.23
2025-09-21T05:00:00Z,4.41
2025-09-21T06:00:00Z,5.23
2025-09-21T07:00:00Z,3.01
2025-09-21T08:00:00Z,1.31
2025-09-21T09:00:00Z,0.0
2025-09-21T10:00:00Z,-0.09
2025-09-21T11:00:00Z,-1.2
2025-09-21T12:00:00Z,-2.02
2025-09-21T13:00:00Z,-1.31
2025-09-21T14:00:00Z,-0.01
2025-09-21T15:00:00Z,9.47
2025-09-21T16:00:00Z,85.18
2025-09-21T17:00:00Z,113.96
2025-09-21T18:00:00Z,120.57
2025-09-21T19:00:00Z,118.84
2025-09-21T20:00:00Z,104.68
2025-09-21T21:00:00Z,96.35
2025-09-21T22:00:00Z,91.68
2025-09-21T23:00:00Z,87.33
2025-09-22T00:00:00Z,83.57
2025-09-22T01:00:00Z,79.21
2025-09-22T02:00:00Z,79.21
2025-09-22T03:00:00Z,80.35
2025-09-22T04:00:00Z,93.59
2025-09-22T05:00:00Z,118.69
2025-09-22T06:00:00Z,130.0
2025-09-22T07:00:00Z,130.0
2025-09-22T08:00:00Z,108.57
2025-09-22T09:00:00Z,91.82
2025-09-22T10:00:00Z,77.86
2025-09-22T11:00:00Z,74.04
2025-09-22T12:00:00Z,71.17
2025-09-22T13:00:00Z,70.23
2025-09-22T14:00:00Z,78.39
2025-09-22T15:00:00Z,84.79
2025-09-22T16:00:00Z,100.13
2025-09-22T17:00:00Z,128.08
2025-09-22T18:00:00Z,140.92
2025-09-22T19:00:00Z,130.0
2025-09-22T20:00:00Z,114.24
2025-09-22T21:00:00Z,97.72
2025-09-22T22:00:00Z,89.99
2025-09-22T23:00:00Z,88.6
2025-09-23T00:00:00Z,90.0
2025-09-23T01:00:00Z,89.73
2025-09-23T02:00:00Z,89.93
2025-09-23T03:00:00Z,91.34
2025-09-23T04:00:00Z,98.11
2025-09-23T05:00:00Z,122.01
2025-09-23T06:00:00Z,172.36
2025-09-23T07:00:00Z,162.8
2025-09-23T08:00:00Z,125.76
2025-09-23T09:00:00Z,93.92
2025-09-23T10:00:00Z,85.51
2025-09-23T11:00:00Z,77.54
2025-09-23T12:00:00Z,74.24
2025-09-23T13:00:00Z,74.25
2025-09-23T14:00:00Z,84.11
2025-09-23T15:00:00Z,85.76
2025-09-23T16:00:00Z,102.9
2025-09-23T17:00:00Z,136.83
2025-09-23T18:00:00Z,149.58
2025-09-23T19:00:00Z,115.81
2025-09-23T20:00:00Z,94.0
2025-09-23T21:00:00Z,84.91
2025-09-23T22:00:00Z,84.1
2025-09-23T23:00:00Z,82.67
2025-09-24T00:00:00Z,82.32
2025-09-24T01:00:00Z,81.61
2025-09-24T02:00:00Z,77.95
2025-09-24T03:00:00Z,78.59
2025-09-24T04:00:00Z,82.67
2025-09-24T05:00:00Z,109.76
2025-09-24T06:00:00Z,118.01
2025-09-24T07:00:00Z,120.45
2025-09-24T08:00:00Z,107.0
2025-09-24T09:00:00Z,85.54
2025-09-24T10:00:00Z,70.09
2025-09-24T11:00:00Z,27.1
2025-09-24T12:00:00Z,10.66
2025-09-24T13:00:00Z,9.9
2025-09-24T14:00:00Z,15.0
2025-09-24T15:00:00Z,66.1
2025-09-24T16:00:00Z,85.69
2025-09-24T17:00:00Z,113.08
2025-09-24T18:00:00Z,115.93
2025-09-24T19:00:00Z,113.95
2025-09-24T20:00:00Z,91.29
2025-09-24T21:00:00Z,85.5
2025-09-24T22:00:00Z,69.68
2025-09-24T23:00:00Z,73.3
2025-09-25T00:00:00Z,69.69
2025-09-25T01:00:00Z,67.81
2025-09-25T02:00:00Z,68.09
2025-09-25T03:00:00Z,71.69
2025-09-25T04:00:00Z,77.33
2025-09-25T05:00:00Z,108.55
2025-09-25T06:00:00Z,124.26
2025-09-25T07:00:00Z,124.99
2025-09-25T08:00:00Z,104.88
2025-09-25T09:00:00Z,77.95
2025-09-25T10:00:00Z,69.24
2025-09-25T11:00:00Z,38.18
2025-09-25T12:00:00Z,16.03
2025-09-25T13:00:00Z,20.1
2025-09-25T14:00:00Z,43.66
2025-09-25T15:00:00Z,75.0
2025-09-25T16:00:00Z,88.79
2025-09-25T17:00:00Z,117.04
2025-09-25T18:00:00Z,121.47
2025-09-25T19:00:00Z,123.75
2025-09-25T20:00:00Z,105.83
2025-09-25T21:00:00Z,94.77
2025-09-25T22:00:00Z,81.09
2025-09-25T23:00:00Z,78.48
2025-09-26T00:00:00Z,75.0
2025-09-26T01:00:00Z,73.17
2025-09-26T02:00:00Z,73.18
2025-09-26T03:00:00Z,74.93
2025-09-26T04:00:00Z,82.0
2025-09-26T05:00:00Z,107.74
2025-09-26T06:00:00Z,120.33
2025-09-26T07:00:00Z,123.56
2025-09-26T08:00:00Z,110.41
2025-09-26T09:00:00Z,89.84
2025-09-26T10:00:00Z,85.36
2025-09-26T11:00:00Z,78.96
2025-09-26T12:00:00Z,73.16
2025-09-26T13:00:00Z,75.05
2025-09-26T14:00:00Z,79.99
2025-09-26T15:00:00Z,98.81
2025-09-26T16:00:00Z,109.8
2025-09-26T17:00:00Z,123.65
2025-09-26T18:00:00Z,133.02
2025-09-26T19:00:00Z,119.61
2025-09-26T20:00:00Z,106.21
2025-09-26T21:00:00Z,96.9
2025-09-26T22:00:00Z,89.9
2025-09-26T23:00:00Z,84.99
2025-09-27T00:00:00Z,83.26
2025-09-27T01:00:00Z,82.7
2025-09-27T02:00:00Z,82.51
2025-09-27T03:00:00Z,85.28
2025-09-27T04:00:00Z,89.19
2025-09-27T05:00:00Z,90.57
2025-09-27T06:00:00Z,105.45
2025-09-27T07:00:00Z,109.71
2025-09-27T08:00:00Z,96.92
2025-09-27T09:00:00Z,87.86
2025-09-27T10:00:00Z,75.0
2025-09-27T11:00:00Z,59.77
2025-09-27T12:00:00Z,36.11
2025-09-27T13:00:00Z,48.54
2025-09-27T14:00:00Z,78.22
2025-09-27T15:00:00Z,93.1
2025-09-27T16:00:00Z,112.01
2025-09-27T17:00:00Z,133.35
2025-09-27T18:00:00Z,148.61
2025-09-27T19:00:00Z,122.53
2025-09-27T20:00:00Z,114.4
2025-09-27T21:00:00Z,107.56
2025-09-27T22:00:00Z,99.54
2025-09-27T23:00:00Z,97.56
2025-09-28T00:00:00Z,95.31
2025-09-28T01:00:00Z,94.32
2025-09-28T02:00:00Z,91.47
2025-09-28T03:00:00Z,97.77
2025-09-28T04:00:00Z,97.58
2025-09-28T05:00:00Z,100.91
2025-09-28T06:00:00Z,105.79
2025-09-28T07:00:00Z,98.77
2025-09-28T08:00:00Z,95.04
2025-09-28T09:00:00Z,82.08
2025-09-28T10:00:00Z,37.47
2025-09-28T11:00:00Z,17.11
2025-09-28T12:00:00Z,8.53
2025-09-28T13:00:00Z,13.0
2025-09-28T14:00:00Z,61.33
2025-09-28T15:00:00Z,86.0
2025-09-28T16:00:00Z,105.89
2025-09-28T17:00:00Z,131.02
2025-09-28T18:00:00Z,137.97
2025-09-28T19:00:00Z,125.93
2025-09-28T20:00:00Z,113.51
2025-09-28T21:00:00Z,102.29
2025-09-28T22:00:00Z,95.74
2025-09-28T23:00:00Z,90.95
2025-09-29T00:00:00Z,88.76
2025-09-29T01:00:00Z,87.88
2025-09-29T02:00:00Z,87.94
2025-09-29T03:00:00Z,88.31
2025-09-29T04:00:00Z,98.37
2025-09-29T05:00:00Z,134.98
2025-09-29T06:00:00Z,222.1
2025-09-29T07:00:00Z,166.91
2025-09-29T08:00:00Z,122.06
2025-09-29T09:00:00Z,90.21
2025-09-29T10:00:00Z,84.95
2025-09-29T11:00:00Z,78.71
2025-09-29T12:00:00Z,77.08
2025-09-29T13:00:00Z,83.33
2025-09-29T14:00:00Z,87.4
2025-09-29T15:00:00Z,99.98
2025-09-29T16:00:00Z,140.79
2025-09-29T17:00:00Z,302.65
2025-09-29T18:00:00Z,406.78
2025-09-29T19:00:00Z,167.6
2025-09-29T20:00:00Z,123.85
2025-09-29T21:00:00Z,108.3
2025-09-29T22:00:00Z,93.68
2025-09-29T23:00:00Z,101.1
2025-09-30T00:00:00Z,98.43
2025-09-30T01:00:00Z,98.93
2025-09-30T02:00:00Z,94.99
2025-09-30T03:00:00Z,99.12
2025-09-30T04:00:00Z,112.08
2025-09-30T05:00:00Z,141.86
2025-09-30T06:00:00Z,244.0
2025-09-30T07:00:00Z,209.23
2025-09-30T08:00:00Z,141.85
2025-09-30T09:00:00Z,115.2
2025-09-30T10:00:00Z,96.72
2025-09-30T11:00:00Z,87.91
2025-09-30T12:00:00Z,86.04
2025-09-30T13:00:00Z,87.26
2025-09-30T14:00:00Z,96.8
2025-09-30T15:00:00Z,104.03
2025-09-30T16:00:00Z,142.64
2025-09-30T17:00:00Z,294.54
2025-09-30T18:00:00Z,357.77
2025-09-30T19:00:00Z,147.28
2025-09-30T20:00:00Z,116.04
2025-09-30T21:00:00Z,101.63
2025-09-30T22:00:00Z,92.54
2025-09-30T23:00:00Z,91.57
2025-10-01T00:00:00Z,86.29
2025-10-01T01:00:00Z,84.87
2025-10-01T02:00:00Z,88.33
2025-10-01T03:00:00Z,87.66
2025-10-01T04:00:00Z,95.33
2025-10-01T05:00:00Z,124.96
2025-10-01T06:00:00Z,173.3
2025-10-01T07:00:00Z,139.09
2025-10-01T08:00:00Z,105.25
2025-10-01T09:00:00Z,86.04
2025-10-01T10:00:00Z,70.57
2025-10-01T11:00:00Z,66.03
2025-10-01T12:00:00Z,68.4
2025-10-01T13:00:00Z,72.63
2025-10-01T14:00:00Z,81.72
2025-10-01T15:00:00Z,92.87
2025-10-01T16:00:00Z,135.4
2025-10-01T17:00:00Z,253.24
2025-10-01T18:00:00Z,339.99
2025-10-01T19:00:00Z,152.02
2025-10-01T20:00:00Z,113.04
2025-10-01T21:00:00Z,98.51
2025-10-01T22:00:00Z,90.65
2025-10-01T23:00:00Z,90.8
2025-10-02T00:00:00Z,88.0
2025-10-02T01:00:00Z,86.52
2025-10-02T02:00:00Z,88.56
2025-10-02T03:00:00Z,90.81
2025-10-02T04:00:00Z,95.97
2025-10-02T05:00:00Z,128.72
2025-10-02T06:00:00Z,181.09
2025-10-02T07:00:00Z,136.68
2025-10-02T08:00:00Z,100.51
2025-10-02T09:00:00Z,91.48
2025-10-02T10:00:00Z,78.29
2025-10-02T11:00:00Z,65.77
2025-10-02T12:00:00Z,60.5
2025-10-02T13:00:00Z,71.29
2025-10-02T14:00:00Z,80.66
2025-10-02T15:00:00Z,91.45
2025-10-02T16:00:00Z,113.32
2025-10-02T17:00:00Z,167.93
2025-10-02T18:00:00Z,176.84
2025-10-02T19:00:00Z,109.92
2025-10-02T20:00:00Z,90.85
2025-10-02T21:00:00Z,96.66
2025-10-02T22:00:00Z,82.09
2025-10-02T23:00:00Z,85.93
2025-10-03T00:00:00Z,77.14
2025-10-03T01:00:00Z,71.75
2025-10-03T02:00:00Z,73.91
2025-10-03T03:00:00Z,76.29
2025-10-03T04:00:00Z,77.98
2025-10-03T05:00:00Z,93.78
2025-10-03T06:00:00Z,100.42
2025-10-03T07:00:00Z,103.68
2025-10-03T08:00:00Z,83.9
2025-10-03T09:00:00Z,60.0
2025-10-03T10:00:00Z,40.5
2025-10-03T11:00:00Z,26.35
2025-10-03T12:00:00Z,16.5
2025-10-03T13:00:00Z,26.2
2025-10-03T14:00:00Z,49.88
2025-10-03T15:00:00Z,63.39
2025-10-03T16:00:00Z,89.9
2025-10-03T17:00:00Z,120.76
2025-10-03T18:00:00Z,109.01
2025-10-03T19:00:00Z,75.04
2025-10-03T20:00:00Z,43.44
2025-10-03T21:00:00Z,25.4
2025-10-03T22:00:00Z,11.11
2025-10-03T23:00:00Z,0.73
2025-10-04T00:00:00Z,-0.01
2025-10-04T01:00:00Z,-0.04
2025-10-04T02:00:00Z,-0.1
2025-10-04T03:00:00Z,-1.13
2025-10-04T04:00:00Z,-1.91
2025-10-04T05:00:00Z,-1.92
2025-10-04T06:00:00Z,-0.78
2025-10-04T07:00:00Z,-0.3
2025-10-04T08:00:00Z,-0.16
2025-10-04T09:00:00Z,-0.09
2025-10-04T10:00:00Z,-0.1
2025-10-04T11:00:00Z,-0.08
2025-10-04T12:00:00Z,-0.44
2025-10-04T13:00:00Z,-2.05
2025-10-04T14:00:00Z,-2.61
2025-10-04T15:00:00Z,-0.1
2025-10-04T16:00:00Z,-0.09
2025-10-04T17:00:00Z,1.11
2025-10-04T18:00:00Z,3.23
2025-10-04T19:00:00Z,0.32
2025-10-04T20:00:00Z,-0.09
2025-10-04T21:00:00Z,-0.05
2025-10-04T22:00:00Z,-0.34
2025-10-04T23:00:00Z,-0.75
2025-10-05T00:00:00Z,-1.4
2025-10-05T01:00:00Z,-4.19
2025-10-05T02:00:00Z,-4.38
2025-10-05T03:00:00Z,-4.98
2025-10-05T04:00:00Z,-4.46
2025-10-05T05:00:00Z,-3.76
2025-10-05T06:00:00Z,-1.51
2025-10-05T07:00:00Z,-0.09
2025-10-05T08:00:00Z,-1.39
2025-10-05T09:00:00Z,-3.33
2025-10-05T10:00:00Z,-2.02
2025-10-05T11:00:00Z,-3.42
2025-10-05T12:00:00Z,-3.39
2025-10-05T13:00:00Z,-2.94
2025-10-05T14:00:00Z,-2.39
2025-10-05T15:00:00Z,-0.69
2025-10-05T16:00:00Z,0.85
2025-10-05T17:00:00Z,16.08
2025-10-05T18:00:00Z,35.05
2025-10-05T19:00:00Z,19.83
2025-10-05T20:00:00Z,5.48
2025-10-05T21:00:00Z,5.2
2025-10-05T22:00:00Z,4.08
2025-10-05T23:00:00Z,20.85
2025-10-06T00:00:00Z,10.05
2025-10-06T01:00:00Z,9.1
2025-10-06T02:00:00Z,10.73
2025-10-06T03:00:00Z,16.8
2025-10-06T04:00:00Z,22.6
2025-10-06T05:00:00Z,68.59
2025-10-06T06:00:00Z,105.05
2025-10-06T07:00:00Z,121.77
2025-10-06T08:00:00Z,121.12
2025-10-06T09:00:00Z,100.53
2025-10-06T10:00:00Z,89.3
2025-10-06T11:00:00Z,87.33
2025-10-06T12:00:00Z,84.6
2025-10-06T13:00:00Z,92.33
2025-10-06T14:00:00Z,94.55
2025-10-06T15:00:00Z,104.77
2025-10-06T16:00:00Z,120.29
2025-10-06T17:00:00Z,141.59
2025-10-06T18:00:00Z,168.32
2025-10-06T19:00:00Z,133.68
2025-10-06T20:00:00Z,120.2
2025-10-06T21:00:00Z,118.66
2025-10-06T22:00:00Z,105.5
2025-10-06T23:00:00Z,100.26
2025-10-07T00:00:00Z,93.99
2025-10-07T01:00:00Z,89.82
2025-10-07T02:00:00Z,89.55
2025-10-07T03:00:00Z,92.98
2025-10-07T04:00:00Z,96.74
2025-10-07T05:00:00Z,134.89
2025-10-07T06:00:00Z,228.56
2025-10-07T07:00:00Z,287.67
2025-10-07T08:00:00Z,212.18
2025-10-07T09:00:00Z,154.66
2025-10-07T10:00:00Z,129.91
2025-10-07T11:00:00Z,110.94
2025-10-07T12:00:00Z,106.18
2025-10-07T13:00:00Z,105.35
2025-10-07T14:00:00Z,113.16
2025-10-07T15:00:00Z,122.1
2025-10-07T16:00:00Z,151.84
2025-10-07T17:00:00Z,202.42
2025-10-07T18:00:00Z,213.28
2025-10-07T19:00:00Z,146.34
2025-10-07T20:00:00Z,123.24
2025-10-07T21:00:00Z,107.42
2025-10-07T22:00:00Z,97.48
2025-10-07T23:00:00Z,93.45
2025-10-08T00:00:00Z,88.44
2025-10-08T01:00:00Z,87.56
2025-10-08T02:00:00Z,86.98
2025-10-08T03:00:00Z,89.67
2025-10-08T04:00:00Z,97.39
2025-10-08T05:00:00Z,117.11
2025-10-08T06:00:00Z,155.58
2025-10-08T07:00:00Z,166.4
2025-10-08T08:00:00Z,135.18
2025-10-08T09:00:00Z,118.45
2025-10-08T10:00:00Z,103.33
2025-10-08T11:00:00Z,90.82
2025-10-08T12:00:00Z,89.34
2025-10-08T13:00:00Z,90.44
2025-10-08T14:00:00Z,99.43
2025-10-08T15:00:00Z,117.47
2025-10-08T16:00:00Z,149.48
2025-10-08T17:00:00Z,183.81
2025-10-08T18:00:00Z,199.0
2025-10-08T19:00:00Z,141.7
2025-10-08T20:00:00Z,114.74
2025-10-08T21:00:00Z,108.24
2025-10-08T22:00:00Z,97.83
2025-10-08T23:00:00Z,97.22
2025-10-09T00:00:00Z,92.58
2025-10-09T01:00:00Z,93.26
2025-10-09T02:00:00Z,90.82
2025-10-09T03:00:00Z,92.7
2025-10-09T04:00:00Z,101.15
2025-10-09T05:00:00Z,125.58
2025-10-09T06:00:00Z,145.0
2025-10-09T07:00:00Z,149.9
2025-10-09T08:00:00Z,132.49
2025-10-09T09:00:00Z,109.69
2025-10-09T10:00:00Z,96.96
2025-10-09T11:00:00Z,91.02
2025-10-09T12:00:00Z,83.35
2025-10-09T13:00:00Z,83.2
2025-10-09T14:00:00Z,88.83
2025-10-09T15:00:00Z,92.08
2025-10-09T16:00:00Z,110.01
2025-10-09T17:00:00Z,122.91
2025-10-09T18:00:00Z,123.11
2025-10-09T19:00:00Z,112.36
2025-10-09T20:00:00Z,98.09
2025-10-09T21:00:00Z,96.83
2025-10-09T22:00:00Z,88.7
2025-10-09T23:00:00Z,88.01
2025-10-10T00:00:00Z,84.97
2025-10-10T01:00:00Z,80.09
2025-10-10T02:00:00Z,78.29
2025-10-10T03:00:00Z,79.21
2025-10-10T04:00:00Z,86.07
2025-10-10T05:00:00Z,102.64
2025-10-10T06:00:00Z,119.33
2025-10-10T07:00:00Z,122.61
2025-10-10T08:00:00Z,107.77
2025-10-10T09:00:00Z,93.01
2025-10-10T10:00:00Z,82.12
2025-10-10T11:00:00Z,77.53
2025-10-10T12:00:00Z,75.69
2025-10-10T13:00:00Z,77.26
2025-10-10T14:00:00Z,88.9
2025-10-10T15:00:00Z,97.86
2025-10-10T16:00:00Z,118.2
2025-10-10T17:00:00Z,120.61
2025-10-10T18:00:00Z,123.29
2025-10-10T19:00:00Z,115.39
2025-10-10T20:00:00Z,103.92
2025-10-10T21:00:00Z,97.74
2025-10-10T22:00:00Z,93.35
2025-10-10T23:00:00Z,92.97
2025-10-11T00:00:00Z,88.84
2025-10-11T01:00:00Z,87.39
2025-10-11T02:00:00Z,84.18
2025-10-11T03:00:00Z,82.03
2025-10-11T04:00:00Z,84.76
2025-10-11T05:00:00Z,90.27
2025-10-11T06:00:00Z,96.75
2025-10-11T07:00:00Z,100.4
2025-10-11T08:00:00Z,92.96
2025-10-11T09:00:00Z,82.43
2025-10-11T10:00:00Z,74.02
2025-10-11T11:00:00Z,55.42
2025-10-11T12:00:00Z,46.77
2025-10-11T13:00:00Z,51.03
2025-10-11T14:00:00Z,76.94
2025-10-11T15:00:00Z,83.65
2025-10-11T16:00:00Z,114.01
2025-10-11T17:00:00Z,126.44
2025-10-11T18:00:00Z,130.17
2025-10-11T19:00:00Z,120.64
2025-10-11T20:00:00Z,112.54
2025-10-11T21:00:00Z,106.91
2025-10-11T22:00:00Z,95.1
2025-10-11T23:00:00Z,96.18
2025-10-12T00:00:00Z,92.17
2025-10-12T01:00:00Z,88.86
2025-10-12T02:00:00Z,85.13
2025-10-12T03:00:00Z,86.41
2025-10-12T04:00:00Z,86.66
2025-10-12T05:00:00Z,88.3
2025-10-12T06:00:00Z,89.17
2025-10-12T07:00:00Z,88.66
2025-10-12T08:00:00Z,83.06
2025-10-12T09:00:00Z,76.21
2025-10-12T10:00:00Z,71.9
2025-10-12T11:00:00Z,66.89
2025-10-12T12:00:00Z,52.16
2025-10-12T13:00:00Z,62.47
2025-10-12T14:00:00Z,79.99
2025-10-12T15:00:00Z,88.0
2025-10-12T16:00:00Z,105.55
2025-10-12T17:00:00Z,108.9
2025-10-12T18:00:00Z,116.64
2025-10-12T19:00:00Z,115.53
2025-10-12T20:00:00Z,110.45
2025-10-12T21:00:00Z,107.79
2025-10-12T22:00:00Z,93.45
2025-10-12T23:00:00Z,93.45
2025-10-13T00:00:00Z,90.26
2025-10-13T01:00:00Z,90.83
2025-10-13T02:00:00Z,89.12
2025-10-13T03:00:00Z,93.45
2025-10-13T04:00:00Z,98.1
2025-10-13T05:00:00Z,131.41
2025-10-13T06:00:00Z,218.64
2025-10-13T07:00:00Z,199.56
2025-10-13T08:00:00Z,150.19
2025-10-13T09:00:00Z,125.1
2025-10-13T10:00:00Z,110.0
2025-10-13T11:00:00Z,95.1
2025-10-13T12:00:00Z,89.86
2025-10-13T13:00:00Z,92.1
2025-10-13T14:00:00Z,101.84
2025-10-13T15:00:00Z,117.9
2025-10-13T16:00:00Z,180.6
2025-10-13T17:00:00Z,305.74
2025-10-13T18:00:00Z,306.58
2025-10-13T19:00:00Z,186.95
2025-10-13T20:00:00Z,137.18
2025-10-13T21:00:00Z,121.99
2025-10-13T22:00:00Z,111.28
2025-10-13T23:00:00Z,109.18
2025-10-14T00:00:00Z,103.01
2025-10-14T01:00:00Z,99.52
2025-10-14T02:00:00Z,98.87
2025-10-14T03:00:00Z,100.05
2025-10-14T04:00:00Z,101.45
2025-10-14T05:00:00Z,123.29
2025-10-14T06:00:00Z,160.2
2025-10-14T07:00:00Z,190.82
2025-10-14T08:00:00Z,156.45
2025-10-14T09:00:00Z,134.73
2025-10-14T10:00:00Z,119.85
2025-10-14T11:00:00Z,107.65
2025-10-14T12:00:00Z,103.0
2025-10-14T13:00:00Z,105.27
2025-10-14T14:00:00Z,122.28
2025-10-14T15:00:00Z,146.6
2025-10-14T16:00:00Z,219.2
2025-10-14T17:00:00Z,404.96
2025-10-14T18:00:00Z,407.21
2025-10-14T19:00:00Z,225.48
2025-10-14T20:00:00Z,163.04
2025-10-14T21:00:00Z,129.86
2025-10-14T22:00:00Z,115.36
2025-10-14T23:00:00Z,115.46
2025-10-15T00:00:00Z,111.87
2025-10-15T01:00:00Z,107.68
2025-10-15T02:00:00Z,103.62
2025-10-15T03:00:00Z,106.48
2025-10-15T04:00:00Z,114.4
2025-10-15T05:00:00Z,151.96
2025-10-15T06:00:00Z,278.74
2025-10-15T07:00:00Z,276.2
2025-10-15T08:00:00Z,181.05
2025-10-15T09:00:00Z,142.36
2025-10-15T10:00:00Z,126.1
2025-10-15T11:00:00Z,119.43
2025-10-15T12:00:00Z,112.88
2025-10-15T13:00:00Z,115.39
2025-10-15T14:00:00Z,122.64
2025-10-15T15:00:00Z,135.69
2025-10-15T16:00:00Z,170.0
2025-10-15T17:00:00Z,221.88
2025-10-15T18:00:00Z,220.0
2025-10-15T19:00:00Z,152.85
2025-10-15T20:00:00Z,124.34
2025-10-15T21:00:00Z,98.21
2025-10-15T22:00:00Z,88.17
2025-10-15T23:00:00Z,88.16
2025-10-16T00:00:00Z,85.81
2025-10-16T01:00:00Z,88.0
2025-10-16T02:00:00Z,86.66
2025-10-16T03:00:00Z,88.34
2025-10-16T04:00:00Z,85.05
2025-10-16T05:00:00Z,96.19
2025-10-16T06:00:00Z,116.12
2025-10-16T07:00:00Z,132.77
2025-10-16T08:00:00Z,119.93
2025-10-16T09:00:00Z,92.24
2025-10-16T10:00:00Z,88.31
2025-10-16T11:00:00Z,83.4
2025-10-16T12:00:00Z,81.48
2025-10-16T13:00:00Z,82.98
2025-10-16T14:00:00Z,83.03
2025-10-16T15:00:00Z,89.03
2025-10-16T16:00:00Z,120.92
2025-10-16T17:00:00Z,130.0
2025-10-16T18:00:00Z,140.59
2025-10-16T19:00:00Z,125.59
2025-10-16T20:00:00Z,102.23
2025-10-16T21:00:00Z,99.86
2025-10-16T22:00:00Z,93.36
2025-10-16T23:00:00Z,88.15
2025-10-17T00:00:00Z,88.31
2025-10-17T01:00:00Z,89.06
2025-10-17T02:00:00Z,88.46
2025-10-17T03:00:00Z,90.59
2025-10-17T04:00:00Z,94.51
2025-10-17T05:00:00Z,107.91
2025-10-17T06:00:00Z,129.49
2025-10-17T07:00:00Z,144.84
2025-10-17T08:00:00Z,129.02
2025-10-17T09:00:00Z,117.18
2025-10-17T10:00:00Z,99.04
2025-10-17T11:00:00Z,88.14
2025-10-17T12:00:00Z,86.72
2025-10-17T13:00:00Z,87.81
2025-10-17T14:00:00Z,88.64
2025-10-17T15:00:00Z,95.0
2025-10-17T16:00:00Z,117.17
2025-10-17T17:00:00Z,129.31
2025-10-17T18:00:00Z,130.69
2025-10-17T19:00:00Z,116.99
2025-10-17T20:00:00Z,104.05
2025-10-17T21:00:00Z,102.18
2025-10-17T22:00:00Z,92.5
2025-10-17T23:00:00Z,94.62
2025-10-18T00:00:00Z,89.86
2025-10-18T01:00:00Z,89.81
2025-10-18T02:00:00Z,88.34
2025-10-18T03:00:00Z,88.35
2025-10-18T04:00:00Z,88.32
2025-10-18T05:00:00Z,91.96
2025-10-18T06:00:00Z,109.47
2025-10-18T07:00:00Z,114.54
2025-10-18T08:00:00Z,102.24
2025-10-18T09:00:00Z,91.47
2025-10-18T10:00:00Z,80.79
2025-10-18T11:00:00Z,73.94
2025-10-18T12:00:00Z,67.53
2025-10-18T13:00:00Z,72.3
2025-10-18T14:00:00Z,83.5
2025-10-18T15:00:00Z,96.55
2025-10-18T16:00:00Z,120.64
2025-10-18T17:00:00Z,133.24
2025-10-18T18:00:00Z,124.82
2025-10-18T19:00:00Z,113.0
2025-10-18T20:00:00Z,92.55
2025-10-18T21:00:00Z,95.58
2025-10-18T22:00:00Z,94.35
2025-10-18T23:00:00Z,92.34
2025-10-19T00:00:00Z,87.59
2025-10-19T01:00:00Z,82.29
2025-10-19T02:00:00Z,82.14
2025-10-19T03:00:00Z,83.21
2025-10-19T04:00:00Z,83.5
2025-10-19T05:00:00Z,85.25
2025-10-19T06:00:00Z,85.26
2025-10-19T07:00:00Z,87.16
2025-10-19T08:00:00Z,78.43
2025-10-19T09:00:00Z,69.64
2025-10-19T10:00:00Z,60.3
2025-10-19T11:00:00Z,34.57
2025-10-19T12:00:00Z,20.3
2025-10-19T13:00:00Z,36.22
2025-10-19T14:00:00Z,66.77
2025-10-19T15:00:00Z,89.93
2025-10-19T16:00:00Z,106.07
2025-10-19T17:00:00Z,107.69
2025-10-19T18:00:00Z,85.62
2025-10-19T19:00:00Z,75.5
2025-10-19T20:00:00Z,73.15
2025-10-19T21:00:00Z,74.74
2025-10-19T22:00:00Z,60.86
2025-10-19T23:00:00Z,70.04
2025-10-20T00:00:00Z,63.98
2025-10-20T01:00:00Z,60.98
2025-10-20T02:00:00Z,60.0
2025-10-20T03:00:00Z,60.6
2025-10-20T04:00:00Z,74.81
2025-10-20T05:00:00Z,76.25
2025-10-20T06:00:00Z,91.87
2025-10-20T07:00:00Z,125.1
2025-10-20T08:00:00Z,92.19
2025-10-20T09:00:00Z,73.15
2025-10-20T10:00:00Z,69.94
2025-10-20T11:00:00Z,60.29
2025-10-20T12:00:00Z,65.27
2025-10-20T13:00:00Z,76.09
2025-10-20T14:00:00Z,97.14
2025-10-20T15:00:00Z,119.51
2025-10-20T16:00:00Z,131.12
2025-10-20T17:00:00Z,125.09
2025-10-20T18:00:00Z,103.0
2025-10-20T19:00:00Z,82.29
2025-10-20T20:00:00Z,76.25
2025-10-20T21:00:00Z,68.38
2025-10-20T22:00:00Z,51.0
2025-10-20T23:00:00Z,61.48
2025-10-21T00:00:00Z,43.83
2025-10-21T01:00:00Z,33.07
2025-10-21T02:00:00Z,22.28
2025-10-21T03:00:00Z,25.91
2025-10-21T04:00:00Z,47.46
2025-10-21T05:00:00Z,75.1
2025-10-21T06:00:00Z,88.12
2025-10-21T07:00:00Z,91.58
2025-10-21T08:00:00Z,84.72
2025-10-21T09:00:00Z,74.27
2025-10-21T10:00:00Z,65.11
2025-10-21T11:00:00Z,47.46
2025-10-21T12:00:00Z,31.58
2025-10-21T13:00:00Z,33.06
2025-10-21T14:00:00Z,60.23
2025-10-21T15:00:00Z,68.2
2025-10-21T16:00:00Z,100.0
2025-10-21T17:00:00Z,121.8
2025-10-21T18:00:00Z,115.38
2025-10-21T19:00:00Z,99.67
2025-10-21T20:00:00Z,81.06
2025-10-21T21:00:00Z,81.68
2025-10-21T22:00:00Z,74.33
2025-10-21T23:00:00Z,87.84
2025-10-22T00:00:00Z,87.49
2025-10-22T01:00:00Z,85.41
2025-10-22T02:00:00Z,89.35
2025-10-22T03:00:00Z,89.5
2025-10-22T04:00:00Z,90.18
2025-10-22T05:00:00Z,99.39
2025-10-22T06:00:00Z,100.18
2025-10-22T07:00:00Z,113.76
2025-10-22T08:00:00Z,125.72
2025-10-22T09:00:00Z,105.73
2025-10-22T10:00:00Z,91.21
2025-10-22T11:00:00Z,87.1
2025-10-22T12:00:00Z,86.0
2025-10-22T13:00:00Z,93.46
2025-10-22T14:00:00Z,110.66
2025-10-22T15:00:00Z,135.0
2025-10-22T16:00:00Z,198.05
2025-10-22T17:00:00Z,296.48
2025-10-22T18:00:00Z,279.76
2025-10-22T19:00:00Z,185.31
2025-10-22T20:00:00Z,133.95
2025-10-22T21:00:00Z,122.07
2025-10-22T22:00:00Z,108.09
2025-10-22T23:00:00Z,101.38
2025-10-23T00:00:00Z,98.74
2025-10-23T01:00:00Z,95.07
2025-10-23T02:00:00Z,79.92
2025-10-23T03:00:00Z,71.0
2025-10-23T04:00:00Z,67.52
2025-10-23T05:00:00Z,72.25
2025-10-23T06:00:00Z,82.28
2025-10-23T07:00:00Z,90.0
2025-10-23T08:00:00Z,83.02
2025-10-23T09:00:00Z,79.7
2025-10-23T10:00:00Z,69.6
2025-10-23T11:00:00Z,66.1
2025-10-23T12:00:00Z,64.11
2025-10-23T13:00:00Z,63.54
2025-10-23T14:00:00Z,75.61
2025-10-23T15:00:00Z,85.5
2025-10-23T16:00:00Z,98.12
2025-10-23T17:00:00Z,114.93
2025-10-23T18:00:00Z,107.91
2025-10-23T19:00:00Z,87.71
2025-10-23T20:00:00Z,82.81
2025-10-23T21:00:00Z,77.66
2025-10-23T22:00:00Z,60.08
2025-10-23T23:00:00Z,14.34
2025-10-24T00:00:00Z,9.84
2025-10-24T01:00:00Z,6.52
2025-10-24T02:00:00Z,1.03
2025-10-24T03:00:00Z,2.19
2025-10-24T04:00:00Z,7.53
2025-10-24T05:00:00Z,23.28
2025-10-24T06:00:00Z,64.99
2025-10-24T07:00:00Z,84.87
2025-10-24T08:00:00Z,76.55
2025-10-24T09:00:00Z,58.3
2025-10-24T10:00:00Z,33.0
2025-10-24T11:00:00Z,1.25
2025-10-24T12:00:00Z,-0.01
2025-10-24T13:00:00Z,-0.01
2025-10-24T14:00:00Z,1.81
2025-10-24T15:00:00Z,37.32
2025-10-24T16:00:00Z,66.26
2025-10-24T17:00:00Z,74.61
2025-10-24T18:00:00Z,74.61
2025-10-24T19:00:00Z,57.05
2025-10-24T20:00:00Z,41.51
2025-10-24T21:00:00Z,28.92
2025-10-24T22:00:00Z,9.97
2025-10-24T23:00:00Z,3.52
2025-10-25T00:00:00Z,1.32
2025-10-25T01:00:00Z,0.92
2025-10-25T02:00:00Z,0.0
2025-10-25T03:00:00Z,-0.01
2025-10-25T04:00:00Z,0.16
2025-10-25T05:00:00Z,0.52
2025-10-25T06:00:00Z,0.99
2025-10-25T07:00:00Z,4.0
2025-10-25T08:00:00Z,7.58
2025-10-25T09:00:00Z,6.73
2025-10-25T10:00:00Z,4.77
2025-10-25T11:00:00Z,6.1
2025-10-25T12:00:00Z,4.37
2025-10-25T13:00:00Z,4.03
2025-10-25T14:00:00Z,3.95
2025-10-25T15:00:00Z,5.56
2025-10-25T16:00:00Z,25.31
2025-10-25T17:00:00Z,55.25
2025-10-25T18:00:00Z,61.27
2025-10-25T19:00:00Z,34.0
2025-10-25T20:00:00Z,14.11
2025-10-25T21:00:00Z,16.68
2025-10-25T22:00:00Z,8.17
2025-10-25T23:00:00Z,5.57
2025-10-26T00:00:00Z,3.7
2025-10-26T01:00:00Z,3.19
2025-10-26T02:00:00Z,2.02
2025-10-26T03:00:00Z,0.34
2025-10-26T04:00:00Z,0.1
2025-10-26T05:00:00Z,0.11
2025-10-26T06:00:00Z,0.11
2025-10-26T07:00:00Z,0.1
2025-10-26T08:00:00Z,-0.01
2025-10-26T09:00:00Z,-0.31
2025-10-26T10:00:00Z,-0.07
2025-10-26T11:00:00Z,-0.08
2025-10-26T12:00:00Z,-0.07
2025-10-26T13:00:00Z,-0.54
2025-10-26T14:00:00Z,-0.73
2025-10-26T15:00:00Z,-0.01
2025-10-26T16:00:00Z,3.04
2025-10-26T17:00:00Z,30.0
2025-10-26T18:00:00Z,42.02
2025-10-26T19:00:00Z,34.73
2025-10-26T20:00:00Z,16.64
2025-10-26T21:00:00Z,3.07
2025-10-26T22:00:00Z,14.91
2025-10-26T23:00:00Z,5.06
2025-10-27T00:00:00Z,1.34
2025-10-27T01:00:00Z,1.83
2025-10-27T02:00:00Z,1.25
2025-10-27T03:00:00Z,0.0
2025-10-27T04:00:00Z,1.31
2025-10-27T05:00:00Z,10.78
2025-10-27T06:00:00Z,55.0
2025-10-27T07:00:00Z,86.07
2025-10-27T08:00:00Z,100.15
2025-10-27T09:00:00Z,101.86
2025-10-27T10:00:00Z,96.74
2025-10-27T11:00:00Z,94.63
2025-10-27T12:00:00Z,82.7
2025-10-27T13:00:00Z,81.12
2025-10-27T14:00:00Z,83.35
2025-10-27T15:00:00Z,83.66
2025-10-27T16:00:00Z,99.23
2025-10-27T17:00:00Z,110.71
2025-10-27T18:00:00Z,126.54
2025-10-27T19:00:00Z,113.5
2025-10-27T20:00:00Z,95.04
2025-10-27T21:00:00Z,77.94
2025-10-27T22:00:00Z,74.48
2025-10-27T23:00:00Z,62.43
2025-10-28T00:00:00Z,44.11
2025-10-28T01:00:00Z,28.88
2025-10-28T02:00:00Z,18.54
2025-10-28T03:00:00Z,10.22
2025-10-28T04:00:00Z,10.95
2025-10-28T05:00:00Z,30.41
2025-10-28T06:00:00Z,59.52
2025-10-28T07:00:00Z,80.38
2025-10-28T08:00:00Z,89.4
2025-10-28T09:00:00Z,87.37
2025-10-28T10:00:00Z,81.0
2025-10-28T11:00:00Z,75.42
2025-10-28T12:00:00Z,67.56
2025-10-28T13:00:00Z,62.3
2025-10-28T14:00:00Z,64.42
2025-10-28T15:00:00Z,73.1
2025-10-28T16:00:00Z,80.07
2025-10-28T17:00:00Z,93.83
2025-10-28T18:00:00Z,110.23
2025-10-28T19:00:00Z,106.91
2025-10-28T20:00:00Z,91.92
2025-10-28T21:00:00Z,80.84
2025-10-28T22:00:00Z,79.58
2025-10-28T23:00:00Z,73.22
2025-10-29T00:00:00Z,58.8
2025-10-29T01:00:00Z,54.04
2025-10-29T02:00:00Z,54.16
2025-10-29T03:00:00Z,56.35
2025-10-29T04:00:00Z,54.73
2025-10-29T05:00:00Z,66.62
2025-10-29T06:00:00Z,95.43
2025-10-29T07:00:00Z,107.53
2025-10-29T08:00:00Z,100.27
2025-10-29T09:00:00Z,85.81
2025-10-29T10:00:00Z,71.95
2025-10-29T11:00:00Z,70.21
2025-10-29T12:00:00Z,70.84
2025-10-29T13:00:00Z,77.11
2025-10-29T14:00:00Z,88.85
2025-10-29T15:00:00Z,116.36
2025-10-29T16:00:00Z,126.23
2025-10-29T17:00:00Z,126.98
2025-10-29T18:00:00Z,128.74
2025-10-29T19:00:00Z,113.54
2025-10-29T20:00:00Z,102.65
2025-10-29T21:00:00Z,96.5
2025-10-29T22:00:00Z,94.42
2025-10-29T23:00:00Z,87.14
2025-10-30T00:00:00Z,75.25
2025-10-30T01:00:00Z,70.11
2025-10-30T02:00:00Z,65.53
2025-10-30T03:00:00Z,60.42
2025-10-30T04:00:00Z,57.15
2025-10-30T05:00:00Z,60.01
2025-10-30T06:00:00Z,69.18
2025-10-30T07:00:00Z,79.94
2025-10-30T08:00:00Z,85.3
2025-10-30T09:00:00Z,66.72
2025-10-30T10:00:00Z,42.9
2025-10-30T11:00:00Z,7.08
2025-10-30T12:00:00Z,0.0
2025-10-30T13:00:00Z,0.0
2025-10-30T14:00:00Z,31.29
2025-10-30T15:00:00Z,69.8
2025-10-30T16:00:00Z,85.3
2025-10-30T17:00:00Z,117.93
2025-10-30T18:00:00Z,117.7
2025-10-30T19:00:00Z,117.67
2025-10-30T20:00:00Z,105.29
2025-10-30T21:00:00Z,98.04
2025-10-30T22:00:00Z,98.44
2025-10-30T23:00:00Z,84.83
2025-10-31T00:00:00Z,87.74
2025-10-31T01:00:00Z,78.16
2025-10-31T02:00:00Z,74.74
2025-10-31T03:00:00Z,75.68
2025-10-31T04:00:00Z,79.76
2025-10-31T05:00:00Z,91.83
2025-10-31T06:00:00Z,120.39
2025-10-31T07:00:00Z,119.57
2025-10-31T08:00:00Z,108.77
2025-10-31T09:00:00Z,83.01
2025-10-31T10:00:00Z,75.67
2025-10-31T11:00:00Z,74.09
2025-10-31T12:00:00Z,75.99
2025-10-31T13:00:00Z,84.21
2025-10-31T14:00:00Z,106.7
2025-10-31T15:00:00Z,127.08
2025-10-31T16:00:00Z,132.05
2025-10-31T17:00:00Z,122.18
2025-10-31T18:00:00Z,107.28
2025-10-31T19:00:00Z,90.01
2025-10-31T20:00:00Z,86.05
2025-10-31T21:00:00Z,87.47
2025-10-31T22:00:00Z,81.85
2025-10-31T23:00:00Z,67.6
2025-11-01T00:00:00Z,54.71
2025-11-01T01:00:00Z,38.12
2025-11-01T02:00:00Z,28.27
2025-11-01T03:00:00Z,29.96
2025-11-01T04:00:00Z,19.9
2025-11-01T05:00:00Z,15.33
2025-11-01T06:00:00Z,11.63
2025-11-01T07:00:00Z,17.61
2025-11-01T08:00:00Z,29.95
2025-11-01T09:00:00Z,27.04
2025-11-01T10:00:00Z,18.3
2025-11-01T11:00:00Z,15.76
2025-11-01T12:00:00Z,21.02
2025-11-01T13:00:00Z,31.74
2025-11-01T14:00:00Z,54.0
2025-11-01T15:00:00Z,59.07
2025-11-01T16:00:00Z,76.59
2025-11-01T17:00:00Z,88.79
2025-11-01T18:00:00Z,89.06
2025-11-01T19:00:00Z,86.4
2025-11-01T20:00:00Z,86.2
2025-11-01T21:00:00Z,83.28
2025-11-01T22:00:00Z,82.93
2025-11-01T23:00:00Z,77.51
2025-11-02T00:00:00Z,64.29
2025-11-02T01:00:00Z,60.33
2025-11-02T02:00:00Z,60.98
2025-11-02T03:00:00Z,62.73
2025-11-02T04:00:00Z,67.02
2025-11-02T05:00:00Z,68.81
2025-11-02T06:00:00Z,70.35
2025-11-02T07:00:00Z,75.53
2025-11-02T08:00:00Z,77.12
2025-11-02T09:00:00Z,78.46
2025-11-02T10:00:00Z,74.99
2025-11-02T11:00:00Z,74.98
2025-11-02T12:00:00Z,75.21
2025-11-02T13:00:00Z,83.16
2025-11-02T14:00:00Z,92.55
2025-11-02T15:00:00Z,110.65
2025-11-02T16:00:00Z,116.5
2025-11-02T17:00:00Z,132.07
2025-11-02T18:00:00Z,130.41
2025-11-02T19:00:00Z,113.61
2025-11-02T20:00:00Z,98.6
2025-11-02T21:00:00Z,95.33
2025-11-02T22:00:00Z,93.18
2025-11-02T23:00:00Z,85.04
2025-11-03T00:00:00Z,82.44
2025-11-03T01:00:00Z,80.11
2025-11-03T02:00:00Z,75.0
2025-11-03T03:00:00Z,73.14
2025-11-03T04:00:00Z,74.97
2025-11-03T05:00:00Z,75.0
2025-11-03T06:00:00Z,95.33
2025-11-03T07:00:00Z,117.26
2025-11-03T08:00:00Z,105.0
2025-11-03T09:00:00Z,85.76
2025-11-03T10:00:00Z,75.45
2025-11-03T11:00:00Z,71.68
2025-11-03T12:00:00Z,67.99
2025-11-03T13:00:00Z,71.93
2025-11-03T14:00:00Z,74.98
2025-11-03T15:00:00Z,82.61
2025-11-03T16:00:00Z,92.74
2025-11-03T17:00:00Z,92.52
2025-11-03T18:00:00Z,90.56
2025-11-03T19:00:00Z,81.57
2025-11-03T20:00:00Z,71.63
2025-11-03T21:00:00Z,60.01
2025-11-03T22:00:00Z,52.71
2025-11-03T23:00:00Z,28.72
2025-11-04T00:00:00Z,16.53
2025-11-04T01:00:00Z,7.26
2025-11-04T02:00:00Z,4.93
2025-11-04T03:00:00Z,6.31
2025-11-04T04:00:00Z,21.2
2025-11-04T05:00:00Z,58.43
2025-11-04T06:00:00Z,81.04
2025-11-04T07:00:00Z,114.31
2025-11-04T08:00:00Z,110.0
2025-11-04T09:00:00Z,80.85
2025-11-04T10:00:00Z,60.65
2025-11-04T11:00:00Z,52.87
2025-11-04T12:00:00Z,50.15
2025-11-04T13:00:00Z,66.94
2025-11-04T14:00:00Z,81.05
2025-11-04T15:00:00Z,116.26
2025-11-04T16:00:00Z,127.48
2025-11-04T17:00:00Z,129.1
2025-11-04T18:00:00Z,122.76
2025-11-04T19:00:00Z,106.7
2025-11-04T20:00:00Z,96.75
2025-11-04T21:00:00Z,91.37
2025-11-04T22:00:00Z,86.24
2025-11-04T23:00:00Z,76.12
2025-11-05T00:00:00Z,77.33
2025-11-05T01:00:00Z,75.82
2025-11-05T02:00:00Z,74.36
2025-11-05T03:00:00Z,74.68
2025-11-05T04:00:00Z,78.88
2025-11-05T05:00:00Z,85.0
2025-11-05T06:00:00Z,91.36
2025-11-05T07:00:00Z,115.9
2025-11-05T08:00:00Z,107.12
2025-11-05T09:00:00Z,74.54
2025-11-05T10:00:00Z,62.88
2025-11-05T11:00:00Z,62.01
2025-11-05T12:00:00Z,62.07
2025-11-05T13:00:00Z,77.33
2025-11-05T14:00:00Z,96.19
2025-11-05T15:00:00Z,115.4
2025-11-05T16:00:00Z,141.38
2025-11-05T17:00:00Z,147.42
2025-11-05T18:00:00Z,127.58
2025-11-05T19:00:00Z,114.76
2025-11-05T20:00:00Z,104.79
2025-11-05T21:00:00Z,98.92
2025-11-05T22:00:00Z,88.85
2025-11-05T23:00:00Z,87.7
2025-11-06T00:00:00Z,93.37
2025-11-06T01:00:00Z,90.83
2025-11-06T02:00:00Z,91.4
2025-11-06T03:00:00Z,90.51
2025-11-06T04:00:00Z,91.9
2025-11-06T05:00:00Z,92.17
2025-11-06T06:00:00Z,118.35
2025-11-06T07:00:00Z,130.23
2025-11-06T08:00:00Z,119.68
2025-11-06T09:00:00Z,93.21
2025-11-06T10:00:00Z,85.16
2025-11-06T11:00:00Z,83.7
2025-11-06T12:00:00Z,83.99
2025-11-06T13:00:00Z,87.18
2025-11-06T14:00:00Z,99.49
2025-11-06T15:00:00Z,128.24
2025-11-06T16:00:00Z,147.5
2025-11-06T17:00:00Z,154.26
2025-11-06T18:00:00Z,137.45
2025-11-06T19:00:00Z,126.46
2025-11-06T20:00:00Z,114.97
2025-11-06T21:00:00Z,100.98
2025-11-06T22:00:00Z,97.49
2025-11-06T23:00:00Z,90.55
2025-11-07T00:00:00Z,90.18
2025-11-07T01:00:00Z,88.82
2025-11-07T02:00:00Z,89.6
2025-11-07T03:00:00Z,89.61
2025-11-07T04:00:00Z,90.41
2025-11-07T05:00:00Z,94.21
2025-11-07T06:00:00Z,112.27
2025-11-07T07:00:00Z,133.88
2025-11-07T08:00:00Z,128.05
2025-11-07T09:00:00Z,108.1
2025-11-07T10:00:00Z,93.38
2025-11-07T11:00:00Z,89.99
2025-11-07T12:00:00Z,88.8
2025-11-07T13:00:00Z,92.05
2025-11-07T14:00:00Z,103.1
2025-11-07T15:00:00Z,129.62
2025-11-07T16:00:00Z,165.12
2025-11-07T17:00:00Z,178.54
2025-11-07T18:00:00Z,145.68
2025-11-07T19:00:00Z,131.48
2025-11-07T20:00:00Z,119.43
2025-11-07T21:00:00Z,106.65
2025-11-07T22:00:00Z,98.28
2025-11-07T23:00:00Z,92.05
2025-11-08T00:00:00Z,96.53
2025-11-08T01:00:00Z,96.32
2025-11-08T02:00:00Z,94.0
2025-11-08T03:00:00Z,93.97
2025-11-08T04:00:00Z,95.04
2025-11-08T05:00:00Z,94.2
2025-11-08T06:00:00Z,95.28
2025-11-08T07:00:00Z,103.84
2025-11-08T08:00:00Z,105.5
2025-11-08T09:00:00Z,103.62
2025-11-08T10:00:00Z,102.18
2025-11-08T11:00:00Z,96.95
2025-11-08T12:00:00Z,95.16
2025-11-08T13:00:00Z,95.91
2025-11-08T14:00:00Z,101.54
2025-11-08T15:00:00Z,117.62
2025-11-08T16:00:00Z,124.64
2025-11-08T17:00:00Z,134.92
2025-11-08T18:00:00Z,136.53
2025-11-08T19:00:00Z,131.98
2025-11-08T20:00:00Z,122.97
2025-11-08T21:00:00Z,113.3
2025-11-08T22:00:00Z,106.26
2025-11-08T23:00:00Z,96.91
2025-11-09T00:00:00Z,96.35
2025-11-09T01:00:00Z,94.56
2025-11-09T02:00:00Z,92.83
2025-11-09T03:00:00Z,91.13
2025-11-09T04:00:00Z,91.65
2025-11-09T05:00:00Z,91.69
2025-11-09T06:00:00Z,89.94
2025-11-09T07:00:00Z,88.62
2025-11-09T08:00:00Z,97.27
2025-11-09T09:00:00Z,97.62
2025-11-09T10:00:00Z,97.03
2025-11-09T11:00:00Z,97.3
2025-11-09T12:00:00Z,97.84
2025-11-09T13:00:00Z,96.4
2025-11-09T14:00:00Z,97.32
2025-11-09T15:00:00Z,97.79
2025-11-09T16:00:00Z,109.85
2025-11-09T17:00:00Z,125.1
2025-11-09T18:00:00Z,126.1
2025-11-09T19:00:00Z,117.96
2025-11-09T20:00:00Z,106.0
2025-11-09T21:00:00Z,93.54
2025-11-09T22:00:00Z,92.32
2025-11-09T23:00:00Z,89.93
2025-11-10T00:00:00Z,88.98
2025-11-10T01:00:00Z,87.64
2025-11-10T02:00:00Z,88.9
2025-11-10T03:00:00Z,87.52
2025-11-10T04:00:00Z,87.18
2025-11-10T05:00:00Z,92.31
2025-11-10T06:00:00Z,113.45
2025-11-10T07:00:00Z,143.0
2025-11-10T08:00:00Z,157.88
2025-11-10T09:00:00Z,144.3
2025-11-10T10:00:00Z,126.27
2025-11-10T11:00:00Z,115.25
2025-11-10T12:00:00Z,105.92
2025-11-10T13:00:00Z,108.41
2025-11-10T14:00:00Z,115.57
2025-11-10T15:00:00Z,126.25
2025-11-10T16:00:00Z,133.36
2025-11-10T17:00:00Z,139.4
2025-11-10T18:00:00Z,120.73
2025-11-10T19:00:00Z,103.66
2025-11-10T20:00:00Z,90.11
2025-11-10T21:00:00Z,88.99
2025-11-10T22:00:00Z,88.39
2025-11-10T23:00:00Z,83.87
2025-11-11T00:00:00Z,83.19
2025-11-11T01:00:00Z,79.98
2025-11-11T02:00:00Z,75.8
2025-11-11T03:00:00Z,74.87
2025-11-11T04:00:00Z,75.5
2025-11-11T05:00:00Z,77.07
2025-11-11T06:00:00Z,86.79
2025-11-11T07:00:00Z,105.21
2025-11-11T08:00:00Z,113.8
2025-11-11T09:00:00Z,103.12
2025-11-11T10:00:00Z,91.47
2025-11-11T11:00:00Z,87.92
2025-11-11T12:00:00Z,86.66
2025-11-11T13:00:00Z,89.93
2025-11-11T14:00:00Z,101.24
2025-11-11T15:00:00Z,124.28
2025-11-11T16:00:00Z,143.07
2025-11-11T17:00:00Z,143.26
2025-11-11T18:00:00Z,115.0
2025-11-11T19:00:00Z,105.03
2025-11-11T20:00:00Z,98.18
2025-11-11T21:00:00Z,96.38
2025-11-11T22:00:00Z,92.06
2025-11-11T23:00:00Z,75.5
2025-11-12T00:00:00Z,74.98
2025-11-12T01:00:00Z,68.32
2025-11-12T02:00:00Z,64.41
2025-11-12T03:00:00Z,62.4
2025-11-12T04:00:00Z,62.3
2025-11-12T05:00:00Z,69.3
2025-11-12T06:00:00Z,77.0
2025-11-12T07:00:00Z,107.26
2025-11-12T08:00:00Z,100.72
2025-11-12T09:00:00Z,78.11
2025-11-12T10:00:00Z,71.53
2025-11-12T11:00:00Z,60.0
2025-11-12T12:00:00Z,59.14
2025-11-12T13:00:00Z,73.77
2025-11-12T14:00:00Z,80.43
2025-11-12T15:00:00Z,104.97
2025-11-12T16:00:00Z,113.63
2025-11-12T17:00:00Z,115.4
2025-11-12T18:00:00Z,104.87
2025-11-12T19:00:00Z,88.93
2025-11-12T20:00:00Z,80.95
2025-11-12T21:00:00Z,76.91
2025-11-12T22:00:00Z,75.55
2025-11-12T23:00:00Z,56.93
2025-11-13T00:00:00Z,32.92
2025-11-13T01:00:00Z,18.97
2025-11-13T02:00:00Z,11.19
2025-11-13T03:00:00Z,7.78
2025-11-13T04:00:00Z,6.0
2025-11-13T05:00:00Z,25.97
2025-11-13T06:00:00Z,50.89
2025-11-13T07:00:00Z,76.85
2025-11-13T08:00:00Z,66.08
2025-11-13T09:00:00Z,53.61
2025-11-13T10:00:00Z,50.32
2025-11-13T11:00:00Z,42.96
2025-11-13T12:00:00Z,48.09
2025-11-13T13:00:00Z,60.57
2025-11-13T14:00:00Z,77.34
2025-11-13T15:00:00Z,101.66
2025-11-13T16:00:00Z,111.51
2025-11-13T17:00:00Z,130.1
2025-11-13T18:00:00Z,131.8
2025-11-13T19:00:00Z,129.89
2025-11-13T20:00:00Z,111.85
2025-11-13T21:00:00Z,116.61
2025-11-13T22:00:00Z,110.59
2025-11-13T23:00:00Z,102.77
2025-11-14T00:00:00Z,98.44
2025-11-14T01:00:00Z,95.8
2025-11-14T02:00:00Z,94.93
2025-11-14T03:00:00Z,91.53
2025-11-14T04:00:00Z,92.13
2025-11-14T05:00:00Z,91.6
2025-11-14T06:00:00Z,112.78
2025-11-14T07:00:00Z,138.35
2025-11-14T08:00:00Z,136.39
2025-11-14T09:00:00Z,120.9
2025-11-14T10:00:00Z,112.03
2025-11-14T11:00:00Z,106.04
2025-11-14T12:00:00Z,101.23
2025-11-14T13:00:00Z,105.42
2025-11-14T14:00:00Z,107.06
2025-11-14T15:00:00Z,115.39
2025-11-14T16:00:00Z,115.97
2025-11-14T17:00:00Z,131.57
2025-11-14T18:00:00Z,119.81
2025-11-14T19:00:00Z,106.49
2025-11-14T20:00:00Z,98.92
2025-11-14T21:00:00Z,93.16
2025-11-14T22:00:00Z,97.02
2025-11-14T23:00:00Z,78.65
2025-11-15T00:00:00Z,77.38
2025-11-15T01:00:00Z,77.95
2025-11-15T02:00:00Z,74.72
2025-11-15T03:00:00Z,73.03
2025-11-15T04:00:00Z,72.2
2025-11-15T05:00:00Z,70.62
2025-11-15T06:00:00Z,68.16
2025-11-15T07:00:00Z,77.06
2025-11-15T08:00:00Z,80.07
2025-11-15T09:00:00Z,85.24
2025-11-15T10:00:00Z,85.61
2025-11-15T11:00:00Z,85.42
2025-11-15T12:00:00Z,84.19
2025-11-15T13:00:00Z,90.67
2025-11-15T14:00:00Z,94.65
2025-11-15T15:00:00Z,101.19
2025-11-15T16:00:00Z,109.79
2025-11-15T17:00:00Z,121.8
2025-11-15T18:00:00Z,121.52
2025-11-15T19:00:00Z,114.07
2025-11-15T20:00:00Z,109.13
2025-11-15T21:00:00Z,102.89
2025-11-15T22:00:00Z,101.72
2025-11-15T23:00:00Z,97.87
2025-11-16T00:00:00Z,93.75
2025-11-16T01:00:00Z,95.0
2025-11-16T02:00:00Z,93.35
2025-11-16T03:00:00Z,91.45
2025-11-16T04:00:00Z,88.22
2025-11-16T05:00:00Z,91.13
2025-11-16T06:00:00Z,85.67
2025-11-16T07:00:00Z,92.49
2025-11-16T08:00:00Z,98.49
2025-11-16T09:00:00Z,101.19
2025-11-16T10:00:00Z,99.28
2025-11-16T11:00:00Z,102.57
2025-11-16T12:00:00Z,102.47
2025-11-16T13:00:00Z,104.0
2025-11-16T14:00:00Z,109.27
2025-11-16T15:00:00Z,116.72
2025-11-16T16:00:00Z,124.5
2025-11-16T17:00:00Z,129.37
2025-11-16T18:00:00Z,125.21
2025-11-16T19:00:00Z,115.33
2025-11-16T20:00:00Z,102.72
2025-11-16T21:00:00Z,91.41
2025-11-16T22:00:00Z,94.39
2025-11-16T23:00:00Z,86.53
2025-11-17T00:00:00Z,88.29
2025-11-17T01:00:00Z,80.56
2025-11-17T02:00:00Z,74.09
2025-11-17T03:00:00Z,71.32
2025-11-17T04:00:00Z,74.1
2025-11-17T05:00:00Z,83.6
2025-11-17T06:00:00Z,89.59
2025-11-17T07:00:00Z,114.87
2025-11-17T08:00:00Z,126.99
2025-11-17T09:00:00Z,121.69
2025-11-17T10:00:00Z,105.22
2025-11-17T11:00:00Z,84.39
2025-11-17T12:00:00Z,77.81
2025-11-17T13:00:00Z,77.79
2025-11-17T14:00:00Z,87.04
2025-11-17T15:00:00Z,97.52
2025-11-17T16:00:00Z,107.32
2025-11-17T17:00:00Z,117.36
2025-11-17T18:00:00Z,116.49
2025-11-17T19:00:00Z,110.7
2025-11-17T20:00:00Z,102.89
2025-11-17T21:00:00Z,92.7
2025-11-17T22:00:00Z,89.71
2025-11-17T23:00:00Z,81.14
2025-11-18T00:00:00Z,84.88
2025-11-18T01:00:00Z,82.83
2025-11-18T02:00:00Z,79.04
2025-11-18T03:00:00Z,77.72
2025-11-18T04:00:00Z,80.51
2025-11-18T05:00:00Z,83.47
2025-11-18T06:00:00Z,91.05
2025-11-18T07:00:00Z,104.74
2025-11-18T08:00:00Z,119.84
2025-11-18T09:00:00Z,107.45
2025-11-18T10:00:00Z,92.13
2025-11-18T11:00:00Z,88.8
2025-11-18T12:00:00Z,89.2
2025-11-18T13:00:00Z,90.6
2025-11-18T14:00:00Z,96.58
2025-11-18T15:00:00Z,120.6
2025-11-18T16:00:00Z,141.91
2025-11-18T17:00:00Z,151.66
2025-11-18T18:00:00Z,143.8
2025-11-18T19:00:00Z,131.15
2025-11-18T20:00:00Z,107.13
2025-11-18T21:00:00Z,94.64
2025-11-18T22:00:00Z,97.48
2025-11-18T23:00:00Z,89.96
2025-11-19T00:00:00Z,87.38
2025-11-19T01:00:00Z,86.23
2025-11-19T02:00:00Z,84.17
2025-11-19T03:00:00Z,83.19
2025-11-19T04:00:00Z,84.39
2025-11-19T05:00:00Z,87.0
2025-11-19T06:00:00Z,99.03
2025-11-19T07:00:00Z,127.03
2025-11-19T08:00:00Z,136.67
2025-11-19T09:00:00Z,115.16
2025-11-19T10:00:00Z,97.52
2025-11-19T11:00:00Z,91.62
2025-11-19T12:00:00Z,89.59
2025-11-19T13:00:00Z,93.6
2025-11-19T14:00:00Z,104.62
2025-11-19T15:00:00Z,113.05
2025-11-19T16:00:00Z,117.81
2025-11-19T17:00:00Z,127.57
2025-11-19T18:00:00Z,119.19
2025-11-19T19:00:00Z,119.05
2025-11-19T20:00:00Z,105.69
2025-11-19T21:00:00Z,100.23
2025-11-19T22:00:00Z,99.17
2025-11-19T23:00:00Z,91.89
2025-11-20T00:00:00Z,90.63
2025-11-20T01:00:00Z,88.09
2025-11-20T02:00:00Z,87.03
2025-11-20T03:00:00Z,86.8
2025-11-20T04:00:00Z,87.13
2025-11-20T05:00:00Z,90.5
2025-11-20T06:00:00Z,103.68
2025-11-20T07:00:00Z,144.41
2025-11-20T08:00:00Z,155.72
2025-11-20T09:00:00Z,153.66
2025-11-20T10:00:00Z,141.27
2025-11-20T11:00:00Z,129.3
2025-11-20T12:00:00Z,125.05
2025-11-20T13:00:00Z,126.1
2025-11-20T14:00:00Z,134.2
2025-11-20T15:00:00Z,149.69
2025-11-20T16:00:00Z,175.83
2025-11-20T17:00:00Z,175.47
2025-11-20T18:00:00Z,163.25
2025-11-20T19:00:00Z,156.02
2025-11-20T20:00:00Z,137.1
2025-11-20T21:00:00Z,120.75
2025-11-20T22:00:00Z,108.24
2025-11-20T23:00:00Z,93.76
2025-11-21T00:00:00Z,101.55
2025-11-21T01:00:00Z,94.14
2025-11-21T02:00:00Z,90.28
2025-11-21T03:00:00Z,90.19
2025-11-21T04:00:00Z,93.63
2025-11-21T05:00:00Z,101.87
2025-11-21T06:00:00Z,133.53
2025-11-21T07:00:00Z,180.42
2025-11-21T08:00:00Z,205.38
2025-11-21T09:00:00Z,181.83
2025-11-21T10:00:00Z,151.02
2025-11-21T11:00:00Z,137.72
2025-11-21T12:00:00Z,130.34
2025-11-21T13:00:00Z,135.58
2025-11-21T14:00:00Z,153.75
2025-11-21T15:00:00Z,196.84
2025-11-21T16:00:00Z,251.87
2025-11-21T17:00:00Z,250.01
2025-11-21T18:00:00Z,205.09
2025-11-21T19:00:00Z,171.37
2025-11-21T20:00:00Z,141.95
2025-11-21T21:00:00Z,117.31
2025-11-21T22:00:00Z,104.9
2025-11-21T23:00:00Z,95.03
2025-11-22T00:00:00Z,102.25
2025-11-22T01:00:00Z,94.6
2025-11-22T02:00:00Z,88.44
2025-11-22T03:00:00Z,85.28
2025-11-22T04:00:00Z,86.1
2025-11-22T05:00:00Z,85.28
2025-11-22T06:00:00Z,90.52
2025-11-22T07:00:00Z,106.75
2025-11-22T08:00:00Z,104.21
2025-11-22T09:00:00Z,89.12
2025-11-22T10:00:00Z,82.01
2025-11-22T11:00:00Z,78.58
2025-11-22T12:00:00Z,76.28
2025-11-22T13:00:00Z,75.37
2025-11-22T14:00:00Z,81.65
2025-11-22T15:00:00Z,88.97
2025-11-22T16:00:00Z,105.0
2025-11-22T17:00:00Z,114.46
2025-11-22T18:00:00Z,109.25
2025-11-22T19:00:00Z,98.33
2025-11-22T20:00:00Z,86.61
2025-11-22T21:00:00Z,89.25
2025-11-22T22:00:00Z,89.43
2025-11-22T23:00:00Z,82.23
2025-11-23T00:00:00Z,81.53
2025-11-23T01:00:00Z,74.35
2025-11-23T02:00:00Z,70.44
2025-11-23T03:00:00Z,63.23
2025-11-23T04:00:00Z,60.89
2025-11-23T05:00:00Z,64.21
2025-11-23T06:00:00Z,62.03
2025-11-23T07:00:00Z,67.98
2025-11-23T08:00:00Z,67.83
2025-11-23T09:00:00Z,65.96
2025-11-23T10:00:00Z,65.99
2025-11-23T11:00:00Z,66.69
2025-11-23T12:00:00Z,67.86
2025-11-23T13:00:00Z,65.46
2025-11-23T14:00:00Z,69.43
2025-11-23T15:00:00Z,77.29
2025-11-23T16:00:00Z,77.89
2025-11-23T17:00:00Z,80.84
2025-11-23T18:00:00Z,82.54
2025-11-23T19:00:00Z,83.8
2025-11-23T20:00:00Z,77.41
2025-11-23T21:00:00Z,74.16
2025-11-23T22:00:00Z,75.17
2025-11-23T23:00:00Z,71.26
2025-11-24T00:00:00Z,72.46
2025-11-24T01:00:00Z,70.06
2025-11-24T02:00:00Z,72.26
2025-11-24T03:00:00Z,73.28
2025-11-24T04:00:00Z,73.76
2025-11-24T05:00:00Z,80.07
2025-11-24T06:00:00Z,90.31
2025-11-24T07:00:00Z,104.39
2025-11-24T08:00:00Z,107.79
2025-11-24T09:00:00Z,110.26
2025-11-24T10:00:00Z,117.45
2025-11-24T11:00:00Z,128.04
2025-11-24T12:00:00Z,134.24
2025-11-24T13:00:00Z,149.99
2025-11-24T14:00:00Z,173.54
2025-11-24T15:00:00Z,195.81
2025-11-24T16:00:00Z,225.78
2025-11-24T17:00:00Z,263.48
2025-11-24T18:00:00Z,230.59
2025-11-24T19:00:00Z,188.3
2025-11-24T20:00:00Z,151.19
2025-11-24T21:00:00Z,135.24
2025-11-24T22:00:00Z,123.04
2025-11-24T23:00:00Z,105.41
2025-11-25T00:00:00Z,100.9
2025-11-25T01:00:00Z,99.15
2025-11-25T02:00:00Z,97.59
2025-11-25T03:00:00Z,96.1
2025-11-25T04:00:00Z,99.51
2025-11-25T05:00:00Z,106.73
2025-11-25T06:00:00Z,122.41
2025-11-25T07:00:00Z,291.02
2025-11-25T08:00:00Z,333.28
2025-11-25T09:00:00Z,292.65
2025-11-25T10:00:00Z,273.09
2025-11-25T11:00:00Z,326.63
2025-11-25T12:00:00Z,351.0
2025-11-25T13:00:00Z,317.65
2025-11-25T14:00:00Z,300.0
2025-11-25T15:00:00Z,310.0
2025-11-25T16:00:00Z,325.08
2025-11-25T17:00:00Z,373.31
2025-11-25T18:00:00Z,297.91
2025-11-25T19:00:00Z,249.37
2025-11-25T20:00:00Z,172.83
2025-11-25T21:00:00Z,135.02
2025-11-25T22:00:00Z,119.16
2025-11-25T23:00:00Z,102.04
2025-11-26T00:00:00Z,92.85
2025-11-26T01:00:00Z,89.95
2025-11-26T02:00:00Z,88.33
2025-11-26T03:00:00Z,89.44
2025-11-26T04:00:00Z,89.8
2025-11-26T05:00:00Z,97.25
2025-11-26T06:00:00Z,129.82
2025-11-26T07:00:00Z,191.17
2025-11-26T08:00:00Z,237.22
2025-11-26T09:00:00Z,211.85
2025-11-26T10:00:00Z,197.14
2025-11-26T11:00:00Z,170.5
2025-11-26T12:00:00Z,164.68
2025-11-26T13:00:00Z,168.24
2025-11-26T14:00:00Z,184.49
2025-11-26T15:00:00Z,223.72
2025-11-26T16:00:00Z,294.38
2025-11-26T17:00:00Z,294.61
2025-11-26T18:00:00Z,228.93
2025-11-26T19:00:00Z,183.67
2025-11-26T20:00:00Z,141.26
2025-11-26T21:00:00Z,114.95
2025-11-26T22:00:00Z,101.99
2025-11-26T23:00:00Z,90.19
2025-11-27T00:00:00Z,89.95
2025-11-27T01:00:00Z,84.27
2025-11-27T02:00:00Z,79.95
2025-11-27T03:00:00Z,77.34
2025-11-27T04:00:00Z,79.95
2025-11-27T05:00:00Z,82.08
2025-11-27T06:00:00Z,112.22
2025-11-27T07:00:00Z,122.0
2025-11-27T08:00:00Z,123.1
2025-11-27T09:00:00Z,106.95
2025-11-27T10:00:00Z,90.95
2025-11-27T11:00:00Z,88.66
2025-11-27T12:00:00Z,87.06
2025-11-27T13:00:00Z,85.76
2025-11-27T14:00:00Z,89.25
2025-11-27T15:00:00Z,90.6
2025-11-27T16:00:00Z,90.43
2025-11-27T17:00:00Z,97.51
2025-11-27T18:00:00Z,101.39
2025-11-27T19:00:00Z,88.27
2025-11-27T20:00:00Z,85.4
2025-11-27T21:00:00Z,80.63
2025-11-27T22:00:00Z,85.1
2025-11-27T23:00:00Z,69.46
2025-11-28T00:00:00Z,60.84
2025-11-28T01:00:00Z,55.0
2025-11-28T02:00:00Z,52.93
2025-11-28T03:00:00Z,47.88
2025-11-28T04:00:00Z,58.38
2025-11-28T05:00:00Z,61.04
2025-11-28T06:00:00Z,82.86
2025-11-28T07:00:00Z,87.82
2025-11-28T08:00:00Z,100.48
2025-11-28T09:00:00Z,103.4
2025-11-28T10:00:00Z,97.85
2025-11-28T11:00:00Z,102.82
2025-11-28T12:00:00Z,98.71
2025-11-28T13:00:00Z,99.45
2025-11-28T14:00:00Z,98.79
2025-11-28T15:00:00Z,104.67
2025-11-28T16:00:00Z,103.4
2025-11-28T17:00:00Z,96.16
2025-11-28T18:00:00Z,98.13
2025-11-28T19:00:00Z,93.32
2025-11-28T20:00:00Z,88.46
2025-11-28T21:00:00Z,85.41
2025-11-28T22:00:00Z,85.54
2025-11-28T23:00:00Z,77.83
2025-11-29T00:00:00Z,81.73
2025-11-29T01:00:00Z,80.9
2025-11-29T02:00:00Z,81.34
2025-11-29T03:00:00Z,82.56
2025-11-29T04:00:00Z,85.7
2025-11-29T05:00:00Z,90.0
2025-11-29T06:00:00Z,90.89
2025-11-29T07:00:00Z,96.18
2025-11-29T08:00:00Z,89.15
2025-11-29T09:00:00Z,101.58
2025-11-29T10:00:00Z,101.44
2025-11-29T11:00:00Z,95.26
2025-11-29T12:00:00Z,86.1
2025-11-29T13:00:00Z,87.96
2025-11-29T14:00:00Z,91.73
2025-11-29T15:00:00Z,102.72
2025-11-29T16:00:00Z,102.65
2025-11-29T17:00:00Z,107.09
2025-11-29T18:00:00Z,98.13
2025-11-29T19:00:00Z,88.43
2025-11-29T20:00:00Z,81.11
2025-11-29T21:00:00Z,80.8
2025-11-29T22:00:00Z,83.49
2025-11-29T23:00:00Z,77.73
2025-11-30T00:00:00Z,75.97
2025-11-30T01:00:00Z,69.78
2025-11-30T02:00:00Z,67.44
2025-11-30T03:00:00Z,65.36
2025-11-30T04:00:00Z,67.0
2025-11-30T05:00:00Z,74.29
2025-11-30T06:00:00Z,75.58
2025-11-30T07:00:00Z,75.98
2025-11-30T08:00:00Z,79.84
2025-11-30T09:00:00Z,80.65
2025-11-30T10:00:00Z,84.42
2025-11-30T11:00:00Z,81.54
2025-11-30T12:00:00Z,80.7
2025-11-30T13:00:00Z,82.52
2025-11-30T14:00:00Z,87.55
2025-11-30T15:00:00Z,93.58
2025-11-30T16:00:00Z,92.81
2025-11-30T17:00:00Z,104.05
2025-11-30T18:00:00Z,106.21
2025-11-30T19:00:00Z,104.13
2025-11-30T20:00:00Z,97.52
2025-11-30T21:00:00Z,92.93
2025-11-30T22:00:00Z,92.6
2025-11-30T23:00:00Z,87.13
2025-12-01T00:00:00Z,88.0
2025-12-01T01:00:00Z,86.02
2025-12-01T02:00:00Z,81.34
2025-12-01T03:00:00Z,85.14
2025-12-01T04:00:00Z,80.26
2025-12-01T05:00:00Z,88.75
2025-12-01T06:00:00Z,88.63
2025-12-01T07:00:00Z,127.86
2025-12-01T08:00:00Z,139.33
2025-12-01T09:00:00Z,105.1
2025-12-01T10:00:00Z,93.73
2025-12-01T11:00:00Z,85.96
2025-12-01T12:00:00Z,85.02
2025-12-01T13:00:00Z,90.07
2025-12-01T14:00:00Z,107.22
2025-12-01T15:00:00Z,120.32
2025-12-01T16:00:00Z,112.97
2025-12-01T17:00:00Z,94.41
2025-12-01T18:00:00Z,88.99
2025-12-01T19:00:00Z,86.77
2025-12-01T20:00:00Z,82.3
2025-12-01T21:00:00Z,75.95
2025-12-01T22:00:00Z,76.43
2025-12-01T23:00:00Z,71.8
2025-12-02T00:00:00Z,65.78
2025-12-02T01:00:00Z,58.82
2025-12-02T02:00:00Z,54.93
2025-12-02T03:00:00Z,53.73
2025-12-02T04:00:00Z,50.47
2025-12-02T05:00:00Z,64.59
2025-12-02T06:00:00Z,78.51
2025-12-02T07:00:00Z,87.79
2025-12-02T08:00:00Z,87.65
2025-12-02T09:00:00Z,88.28
2025-12-02T10:00:00Z,85.83
2025-12-02T11:00:00Z,86.72
2025-12-02T12:00:00Z,87.45
2025-12-02T13:00:00Z,97.04
2025-12-02T14:00:00Z,105.01
2025-12-02T15:00:00Z,140.37
2025-12-02T16:00:00Z,136.34
2025-12-02T17:00:00Z,151.64
2025-12-02T18:00:00Z,162.14
2025-12-02T19:00:00Z,163.2
2025-12-02T20:00:00Z,154.89
2025-12-02T21:00:00Z,129.35
2025-12-02T22:00:00Z,119.22
2025-12-02T23:00:00Z,99.14
2025-12-03T00:00:00Z,90.84
2025-12-03T01:00:00Z,89.07
2025-12-03T02:00:00Z,90.26
2025-12-03T03:00:00Z,89.88
2025-12-03T04:00:00Z,90.02
2025-12-03T05:00:00Z,98.98
2025-12-03T06:00:00Z,150.95
2025-12-03T07:00:00Z,200.0
2025-12-03T08:00:00Z,250.0
2025-12-03T09:00:00Z,219.89
2025-12-03T10:00:00Z,187.18
2025-12-03T11:00:00Z,173.37
2025-12-03T12:00:00Z,167.73
2025-12-03T13:00:00Z,181.41
2025-12-03T14:00:00Z,199.94
2025-12-03T15:00:00Z,242.56
2025-12-03T16:00:00Z,308.35
2025-12-03T17:00:00Z,259.6
2025-12-03T18:00:00Z,204.12
2025-12-03T19:00:00Z,172.63
2025-12-03T20:00:00Z,146.24
2025-12-03T21:00:00Z,124.82
2025-12-03T22:00:00Z,113.41
2025-12-03T23:00:00Z,104.14
2025-12-04T00:00:00Z,97.38
2025-12-04T01:00:00Z,93.88
2025-12-04T02:00:00Z,90.83
2025-12-04T03:00:00Z,90.36
2025-12-04T04:00:00Z,92.33
2025-12-04T05:00:00Z,96.76
2025-12-04T06:00:00Z,124.87
2025-12-04T07:00:00Z,128.41
2025-12-04T08:00:00Z,144.7
2025-12-04T09:00:00Z,163.98
2025-12-04T10:00:00Z,138.41
2025-12-04T11:00:00Z,148.09
2025-12-04T12:00:00Z,141.96
2025-12-04T13:00:00Z,145.18
2025-12-04T14:00:00Z,152.07
2025-12-04T15:00:00Z,150.99
2025-12-04T16:00:00Z,145.2
2025-12-04T17:00:00Z,144.7
2025-12-04T18:00:00Z,142.33
2025-12-04T19:00:00Z,134.99
2025-12-04T20:00:00Z,118.6
2025-12-04T21:00:00Z,103.35
2025-12-04T22:00:00Z,109.04
2025-12-04T23:00:00Z,98.26
2025-12-05T00:00:00Z,95.74
2025-12-05T01:00:00Z,93.86
2025-12-05T02:00:00Z,90.92
2025-12-05T03:00:00Z,90.57
2025-12-05T04:00:00Z,94.03
2025-12-05T05:00:00Z,100.87
2025-12-05T06:00:00Z,123.99
2025-12-05T07:00:00Z,162.42
2025-12-05T08:00:00Z,184.43
2025-12-05T09:00:00Z,184.14
2025-12-05T10:00:00Z,171.35
2025-12-05T11:00:00Z,167.52
2025-12-05T12:00:00Z,161.56
2025-12-05T13:00:00Z,157.45
2025-12-05T14:00:00Z,161.18
2025-12-05T15:00:00Z,162.35
2025-12-05T16:00:00Z,169.5
2025-12-05T17:00:00Z,158.31
2025-12-05T18:00:00Z,147.25
2025-12-05T19:00:00Z,131.54
2025-12-05T20:00:00Z,115.15
2025-12-05T21:00:00Z,97.55
2025-12-05T22:00:00Z,93.08
2025-12-05T23:00:00Z,84.12
2025-12-06T00:00:00Z,82.08
2025-12-06T01:00:00Z,76.97
2025-12-06T02:00:00Z,73.63
2025-12-06T03:00:00Z,70.01
2025-12-06T04:00:00Z,67.43
2025-12-06T05:00:00Z,64.97
2025-12-06T06:00:00Z,64.59
2025-12-06T07:00:00Z,67.87
2025-12-06T08:00:00Z,78.61
2025-12-06T09:00:00Z,80.94
2025-12-06T10:00:00Z,82.3
2025-12-06T11:00:00Z,80.61
2025-12-06T12:00:00Z,80.62
2025-12-06T13:00:00Z,81.33
2025-12-06T14:00:00Z,86.17
2025-12-06T15:00:00Z,91.02
2025-12-06T16:00:00Z,95.59
2025-12-06T17:00:00Z,95.12
2025-12-06T18:00:00Z,89.18
2025-12-06T19:00:00Z,89.66
2025-12-06T20:00:00Z,83.39
2025-12-06T21:00:00Z,80.61
2025-12-06T22:00:00Z,76.5
2025-12-06T23:00:00Z,71.57
2025-12-07T00:00:00Z,67.32
2025-12-07T01:00:00Z,61.0
2025-12-07T02:00:00Z,59.42
2025-12-07T03:00:00Z,58.56
2025-12-07T04:00:00Z,62.08
2025-12-07T05:00:00Z,62.0
2025-12-07T06:00:00Z,63.72
2025-12-07T07:00:00Z,71.84
2025-12-07T08:00:00Z,78.0
2025-12-07T09:00:00Z,85.56
2025-12-07T10:00:00Z,90.53
2025-12-07T11:00:00Z,91.92
2025-12-07T12:00:00Z,97.44
2025-12-07T13:00:00Z,99.57
2025-12-07T14:00:00Z,104.15
2025-12-07T15:00:00Z,105.74
2025-12-07T16:00:00Z,109.61
2025-12-07T17:00:00Z,111.82
2025-12-07T18:00:00Z,96.88
2025-12-07T19:00:00Z,87.46
2025-12-07T20:00:00Z,83.76
2025-12-07T21:00:00Z,73.72
2025-12-07T22:00:00Z,65.6
2025-12-07T23:00:00Z,41.74
2025-12-08T00:00:00Z,19.27
2025-12-08T01:00:00Z,11.09
2025-12-08T02:00:00Z,11.66
2025-12-08T03:00:00Z,5.59
2025-12-08T04:00:00Z,12.89
2025-12-08T05:00:00Z,28.66
2025-12-08T06:00:00Z,64.32
2025-12-08T07:00:00Z,82.84
2025-12-08T08:00:00Z,100.0
2025-12-08T09:00:00Z,98.34
2025-12-08T10:00:00Z,86.04
2025-12-08T11:00:00Z,79.99
2025-12-08T12:00:00Z,79.35
2025-12-08T13:00:00Z,86.85
2025-12-08T14:00:00Z,94.08
2025-12-08T15:00:00Z,100.15
2025-12-08T16:00:00Z,101.07
2025-12-08T17:00:00Z,109.85
2025-12-08T18:00:00Z,100.26
2025-12-08T19:00:00Z,96.64
2025-12-08T20:00:00Z,89.35
2025-12-08T21:00:00Z,83.52
2025-12-08T22:00:00Z,80.21
2025-12-08T23:00:00Z,73.25
2025-12-09T00:00:00Z,73.7
2025-12-09T01:00:00Z,72.79
2025-12-09T02:00:00Z,73.71
2025-12-09T03:00:00Z,74.85
2025-12-09T04:00:00Z,73.72
2025-12-09T05:00:00Z,80.21
2025-12-09T06:00:00Z,98.85
2025-12-09T07:00:00Z,105.79
2025-12-09T08:00:00Z,129.75
2025-12-09T09:00:00Z,111.34
2025-12-09T10:00:00Z,103.06
2025-12-09T11:00:00Z,103.34
2025-12-09T12:00:00Z,97.83
2025-12-09T13:00:00Z,101.1
2025-12-09T14:00:00Z,100.22
2025-12-09T15:00:00Z,110.88
2025-12-09T16:00:00Z,108.3
2025-12-09T17:00:00Z,104.57
2025-12-09T18:00:00Z,96.91
2025-12-09T19:00:00Z,85.1
2025-12-09T20:00:00Z,83.67
2025-12-09T21:00:00Z,79.35
2025-12-09T22:00:00Z,73.33
2025-12-09T23:00:00Z,55.42
2025-12-10T00:00:00Z,43.9
2025-12-10T01:00:00Z,36.48
2025-12-10T02:00:00Z,31.0
2025-12-10T03:00:00Z,35.11
2025-12-10T04:00:00Z,48.09
2025-12-10T05:00:00Z,69.65
2025-12-10T06:00:00Z,79.12
2025-12-10T07:00:00Z,87.51
2025-12-10T08:00:00Z,94.33
2025-12-10T09:00:00Z,94.23
2025-12-10T10:00:00Z,87.73
2025-12-10T11:00:00Z,81.0
2025-12-10T12:00:00Z,79.5
2025-12-10T13:00:00Z,81.44
2025-12-10T14:00:00Z,90.22
2025-12-10T15:00:00Z,100.67
2025-12-10T16:00:00Z,104.0
2025-12-10T17:00:00Z,105.67
2025-12-10T18:00:00Z,104.7
2025-12-10T19:00:00Z,96.77
2025-12-10T20:00:00Z,87.75
2025-12-10T21:00:00Z,86.31
2025-12-10T22:00:00Z,82.49
2025-12-10T23:00:00Z,76.43
2025-12-11T00:00:00Z,73.98
2025-12-11T01:00:00Z,73.42
2025-12-11T02:00:00Z,72.52
2025-12-11T03:00:00Z,75.21
2025-12-11T04:00:00Z,76.91
2025-12-11T05:00:00Z,80.59
2025-12-11T06:00:00Z,90.09
2025-12-11T07:00:00Z,98.11
2025-12-11T08:00:00Z,110.36
2025-12-11T09:00:00Z,106.17
2025-12-11T10:00:00Z,93.18
2025-12-11T11:00:00Z,91.92
2025-12-11T12:00:00Z,89.4
2025-12-11T13:00:00Z,90.22
2025-12-11T14:00:00Z,97.79
2025-12-11T15:00:00Z,111.27
2025-12-11T16:00:00Z,114.7
2025-12-11T17:00:00Z,115.41
2025-12-11T18:00:00Z,112.57
2025-12-11T19:00:00Z,107.79
2025-12-11T20:00:00Z,103.64
2025-12-11T21:00:00Z,94.39
2025-12-11T22:00:00Z,93.59
2025-12-11T23:00:00Z,93.74
2025-12-12T00:00:00Z,83.78
2025-12-12T01:00:00Z,86.22
2025-12-12T02:00:00Z,87.9
2025-12-12T03:00:00Z,90.18
2025-12-12T04:00:00Z,90.71
2025-12-12T05:00:00Z,92.21
2025-12-12T06:00:00Z,101.23
2025-12-12T07:00:00Z,121.32
2025-12-12T08:00:00Z,130.85
2025-12-12T09:00:00Z,126.9
2025-12-12T10:00:00Z,121.96
2025-12-12T11:00:00Z,118.3
2025-12-12T12:00:00Z,113.07
2025-12-12T13:00:00Z,118.26
2025-12-12T14:00:00Z,126.82
2025-12-12T15:00:00Z,131.95
2025-12-12T16:00:00Z,145.49
2025-12-12T17:00:00Z,146.83
2025-12-12T18:00:00Z,133.1
2025-12-12T19:00:00Z,128.06
2025-12-12T20:00:00Z,117.0
2025-12-12T21:00:00Z,114.93
2025-12-12T22:00:00Z,103.82
2025-12-12T23:00:00Z,91.75
2025-12-13T00:00:00Z,92.28
2025-12-13T01:00:00Z,90.5
2025-12-13T02:00:00Z,87.39
2025-12-13T03:00:00Z,87.04
2025-12-13T04:00:00Z,85.0
2025-12-13T05:00:00Z,84.67
2025-12-13T06:00:00Z,79.14
2025-12-13T07:00:00Z,81.14
2025-12-13T08:00:00Z,95.95
2025-12-13T09:00:00Z,106.77
2025-12-13T10:00:00Z,102.59
2025-12-13T11:00:00Z,98.09
2025-12-13T12:00:00Z,93.76
2025-12-13T13:00:00Z,92.94
2025-12-13T14:00:00Z,95.76
2025-12-13T15:00:00Z,114.66
2025-12-13T16:00:00Z,119.71
2025-12-13T17:00:00Z,118.45
2025-12-13T18:00:00Z,112.26
2025-12-13T19:00:00Z,103.63
2025-12-13T20:00:00Z,91.71
2025-12-13T21:00:00Z,90.56
2025-12-13T22:00:00Z,93.69
2025-12-13T23:00:00Z,84.39
2025-12-14T00:00:00Z,91.2
2025-12-14T01:00:00Z,90.52
2025-12-14T02:00:00Z,81.9
2025-12-14T03:00:00Z,79.95
2025-12-14T04:00:00Z,77.31
2025-12-14T05:00:00Z,78.76
2025-12-14T06:00:00Z,77.18
2025-12-14T07:00:00Z,77.47
2025-12-14T08:00:00Z,81.76
2025-12-14T09:00:00Z,82.35
2025-12-14T10:00:00Z,80.01
2025-12-14T11:00:00Z,84.08
2025-12-14T12:00:00Z,87.27
2025-12-14T13:00:00Z,86.96
2025-12-14T14:00:00Z,88.65
2025-12-14T15:00:00Z,92.1
2025-12-14T16:00:00Z,99.28
2025-12-14T17:00:00Z,102.79
2025-12-14T18:00:00Z,103.29
2025-12-14T19:00:00Z,92.99
2025-12-14T20:00:00Z,90.4
2025-12-14T21:00:00Z,84.4
2025-12-14T22:00:00Z,82.65
2025-12-14T23:00:00Z,75.75
2025-12-15T00:00:00Z,72.5
2025-12-15T01:00:00Z,71.88
2025-12-15T02:00:00Z,71.04
2025-12-15T03:00:00Z,70.67
2025-12-15T04:00:00Z,75.28
2025-12-15T05:00:00Z,76.8
2025-12-15T06:00:00Z,86.53
2025-12-15T07:00:00Z,98.79
2025-12-15T08:00:00Z,101.13
2025-12-15T09:00:00Z,96.65
2025-12-15T10:00:00Z,89.62
2025-12-15T11:00:00Z,79.72
2025-12-15T12:00:00Z,79.77
2025-12-15T13:00:00Z,88.26
2025-12-15T14:00:00Z,95.44
2025-12-15T15:00:00Z,107.3
2025-12-15T16:00:00Z,108.66
2025-12-15T17:00:00Z,104.21
2025-12-15T18:00:00Z,98.16
2025-12-15T19:00:00Z,90.42
2025-12-15T20:00:00Z,84.25
2025-12-15T21:00:00Z,85.17
2025-12-15T22:00:00Z,84.98
2025-12-15T23:00:00Z,80.46
2025-12-16T00:00:00Z,80.67
2025-12-16T01:00:00Z,79.05
2025-12-16T02:00:00Z,77.1
2025-12-16T03:00:00Z,79.05
2025-12-16T04:00:00Z,80.39
2025-12-16T05:00:00Z,82.31
2025-12-16T06:00:00Z,88.4
2025-12-16T07:00:00Z,91.39
2025-12-16T08:00:00Z,100.47
2025-12-16T09:00:00Z,101.27
2025-12-16T10:00:00Z,92.34
2025-12-16T11:00:00Z,90.61
2025-12-16T12:00:00Z,91.51
2025-12-16T13:00:00Z,99.88
2025-12-16T14:00:00Z,124.4
2025-12-16T15:00:00Z,139.38
2025-12-16T16:00:00Z,155.31
2025-12-16T17:00:00Z,162.2
2025-12-16T18:00:00Z,142.25
2025-12-16T19:00:00Z,137.1
2025-12-16T20:00:00Z,128.85
2025-12-16T21:00:00Z,118.94
2025-12-16T22:00:00Z,115.58
2025-12-16T23:00:00Z,103.42
2025-12-17T00:00:00Z,89.0
2025-12-17T01:00:00Z,89.79
2025-12-17T02:00:00Z,86.49
2025-12-17T03:00:00Z,85.03
2025-12-17T04:00:00Z,88.08
2025-12-17T05:00:00Z,90.5
2025-12-17T06:00:00Z,95.49
2025-12-17T07:00:00Z,108.82
2025-12-17T08:00:00Z,133.46
2025-12-17T09:00:00Z,126.3
2025-12-17T10:00:00Z,124.54
2025-12-17T11:00:00Z,118.15
2025-12-17T12:00:00Z,111.9
2025-12-17T13:00:00Z,122.66
2025-12-17T14:00:00Z,129.97
2025-12-17T15:00:00Z,127.5
2025-12-17T16:00:00Z,126.5
2025-12-17T17:00:00Z,122.82
2025-12-17T18:00:00Z,111.4
2025-12-17T19:00:00Z,97.51
2025-12-17T20:00:00Z,94.71
2025-12-17T21:00:00Z,94.7
2025-12-17T22:00:00Z,93.22
2025-12-17T23:00:00Z,85.0
2025-12-18T00:00:00Z,77.76
2025-12-18T01:00:00Z,69.07
2025-12-18T02:00:00Z,60.13
2025-12-18T03:00:00Z,48.89
2025-12-18T04:00:00Z,44.82
2025-12-18T05:00:00Z,50.83
2025-12-18T06:00:00Z,63.24
2025-12-18T07:00:00Z,81.53
2025-12-18T08:00:00Z,90.74
2025-12-18T09:00:00Z,88.56
2025-12-18T10:00:00Z,78.28
2025-12-18T11:00:00Z,78.29
2025-12-18T12:00:00Z,77.42
2025-12-18T13:00:00Z,79.48
2025-12-18T14:00:00Z,103.76
2025-12-18T15:00:00Z,114.49
2025-12-18T16:00:00Z,110.88
2025-12-18T17:00:00Z,103.42
2025-12-18T18:00:00Z,88.26
2025-12-18T19:00:00Z,80.14
2025-12-18T20:00:00Z,67.68
2025-12-18T21:00:00Z,53.25
2025-12-18T22:00:00Z,51.8
2025-12-18T23:00:00Z,18.65
2025-12-19T00:00:00Z,9.84
2025-12-19T01:00:00Z,5.86
2025-12-19T02:00:00Z,4.33
2025-12-19T03:00:00Z,3.51
2025-12-19T04:00:00Z,4.12
2025-12-19T05:00:00Z,10.78
2025-12-19T06:00:00Z,40.28
2025-12-19T07:00:00Z,76.71
2025-12-19T08:00:00Z,89.54
2025-12-19T09:00:00Z,89.38
2025-12-19T10:00:00Z,89.23
2025-12-19T11:00:00Z,87.49
2025-12-19T12:00:00Z,84.57
2025-12-19T13:00:00Z,87.63
2025-12-19T14:00:00Z,93.35
2025-12-19T15:00:00Z,97.4
2025-12-19T16:00:00Z,100.33
2025-12-19T17:00:00Z,106.9
2025-12-19T18:00:00Z,107.48
2025-12-19T19:00:00Z,105.12
2025-12-19T20:00:00Z,102.91
2025-12-19T21:00:00Z,98.46
2025-12-19T22:00:00Z,96.28
2025-12-19T23:00:00Z,90.18
2025-12-20T00:00:00Z,84.81
2025-12-20T01:00:00Z,83.4
2025-12-20T02:00:00Z,85.0
2025-12-20T03:00:00Z,87.49
2025-12-20T04:00:00Z,88.46
2025-12-20T05:00:00Z,89.92
2025-12-20T06:00:00Z,95.98
2025-12-20T07:00:00Z,104.0
2025-12-20T08:00:00Z,113.21
2025-12-20T09:00:00Z,114.8
2025-12-20T10:00:00Z,112.67
2025-12-20T11:00:00Z,110.99
2025-12-20T12:00:00Z,110.27
2025-12-20T13:00:00Z,114.98
2025-12-20T14:00:00Z,119.48
2025-12-20T15:00:00Z,120.64
2025-12-20T16:00:00Z,120.2
2025-12-20T17:00:00Z,122.39
2025-12-20T18:00:00Z,118.27
2025-12-20T19:00:00Z,104.11
2025-12-20T20:00:00Z,96.38
2025-12-20T21:00:00Z,93.01
2025-12-20T22:00:00Z,92.24
2025-12-20T23:00:00Z,90.67
2025-12-21T00:00:00Z,95.7
2025-12-21T01:00:00Z,90.05
2025-12-21T02:00:00Z,86.49
2025-12-21T03:00:00Z,85.4
2025-12-21T04:00:00Z,85.63
2025-12-21T05:00:00Z,86.83
2025-12-21T06:00:00Z,88.14
2025-12-21T07:00:00Z,92.85
2025-12-21T08:00:00Z,102.15
2025-12-21T09:00:00Z,107.01
2025-12-21T10:00:00Z,102.58
2025-12-21T11:00:00Z,101.3
2025-12-21T12:00:00Z,98.48
2025-12-21T13:00:00Z,94.87
2025-12-21T14:00:00Z,98.89
2025-12-21T15:00:00Z,100.87
2025-12-21T16:00:00Z,97.52
2025-12-21T17:00:00Z,97.07
2025-12-21T18:00:00Z,90.8
2025-12-21T19:00:00Z,86.14
2025-12-21T20:00:00Z,81.66
2025-12-21T21:00:00Z,78.86
2025-12-21T22:00:00Z,77.5
2025-12-21T23:00:00Z,70.91
2025-12-22T00:00:00Z,70.23
2025-12-22T01:00:00Z,68.83
2025-12-22T02:00:00Z,67.79
2025-12-22T03:00:00Z,66.31
2025-12-22T04:00:00Z,71.52
2025-12-22T05:00:00Z,74.11
2025-12-22T06:00:00Z,78.19
2025-12-22T07:00:00Z,90.45
2025-12-22T08:00:00Z,93.34
2025-12-22T09:00:00Z,90.79
2025-12-22T10:00:00Z,89.25
2025-12-22T11:00:00Z,85.0
2025-12-22T12:00:00Z,86.34
2025-12-22T13:00:00Z,88.62
2025-12-22T14:00:00Z,92.12
2025-12-22T15:00:00Z,99.54
2025-12-22T16:00:00Z,101.18
2025-12-22T17:00:00Z,107.89
2025-12-22T18:00:00Z,100.9
2025-12-22T19:00:00Z,93.79
2025-12-22T20:00:00Z,89.48
2025-12-22T21:00:00Z,84.86
2025-12-22T22:00:00Z,84.82
2025-12-22T23:00:00Z,77.97
2025-12-23T00:00:00Z,72.23
2025-12-23T01:00:00Z,65.03
2025-12-23T02:00:00Z,62.01
2025-12-23T03:00:00Z,59.06
2025-12-23T04:00:00Z,58.11
2025-12-23T05:00:00Z,59.02
2025-12-23T06:00:00Z,67.85
2025-12-23T07:00:00Z,78.02
2025-12-23T08:00:00Z,83.88
2025-12-23T09:00:00Z,85.47
2025-12-23T10:00:00Z,83.84
2025-12-23T11:00:00Z,81.87
2025-12-23T12:00:00Z,80.49
2025-12-23T13:00:00Z,79.21
2025-12-23T14:00:00Z,79.22
2025-12-23T15:00:00Z,81.83
2025-12-23T16:00:00Z,83.69
2025-12-23T17:00:00Z,82.47
2025-12-23T18:00:00Z,83.95
2025-12-23T19:00:00Z,82.47
2025-12-23T20:00:00Z,78.01
2025-12-23T21:00:00Z,69.93
2025-12-23T22:00:00Z,71.84
2025-12-23T23:00:00Z,64.09
2025-12-24T00:00:00Z,60.25
2025-12-24T01:00:00Z,55.86
2025-12-24T02:00:00Z,56.8
2025-12-24T03:00:00Z,55.84
2025-12-24T04:00:00Z,55.85
2025-12-24T05:00:00Z,55.85
2025-12-24T06:00:00Z,57.21
2025-12-24T07:00:00Z,67.45
2025-12-24T08:00:00Z,81.0
2025-12-24T09:00:00Z,82.47
2025-12-24T10:00:00Z,76.02
2025-12-24T11:00:00Z,69.29
2025-12-24T12:00:00Z,68.51
2025-12-24T13:00:00Z,67.99
2025-12-24T14:00:00Z,73.76
2025-12-24T15:00:00Z,83.05
2025-12-24T16:00:00Z,87.9
2025-12-24T17:00:00Z,89.13
2025-12-24T18:00:00Z,78.91
2025-12-24T19:00:00Z,71.77
2025-12-24T20:00:00Z,68.16
2025-12-24T21:00:00Z,67.99
2025-12-24T22:00:00Z,69.01
2025-12-24T23:00:00Z,65.16
2025-12-25T00:00:00Z,63.22
2025-12-25T01:00:00Z,58.44
2025-12-25T02:00:00Z,56.86
2025-12-25T03:00:00Z,55.85
2025-12-25T04:00:00Z,54.53
2025-12-25T05:00:00Z,52.61
2025-12-25T06:00:00Z,49.17
2025-12-25T07:00:00Z,54.03
2025-12-25T08:00:00Z,64.21
2025-12-25T09:00:00Z,64.71
2025-12-25T10:00:00Z,53.77
2025-12-25T11:00:00Z,48.98
2025-12-25T12:00:00Z,48.49
2025-12-25T13:00:00Z,47.87
2025-12-25T14:00:00Z,68.55
2025-12-25T15:00:00Z,89.41
2025-12-25T16:00:00Z,92.24
2025-12-25T17:00:00Z,94.01
2025-12-25T18:00:00Z,94.06
2025-12-25T19:00:00Z,91.71
2025-12-25T20:00:00Z,91.03
2025-12-25T21:00:00Z,92.7
2025-12-25T22:00:00Z,96.15
2025-12-25T23:00:00Z,91.47
2025-12-26T00:00:00Z,97.1
2025-12-26T01:00:00Z,91.05
2025-12-26T02:00:00Z,85.82
2025-12-26T03:00:00Z,83.05
2025-12-26T04:00:00Z,82.39
2025-12-26T05:00:00Z,82.84
2025-12-26T06:00:00Z,85.02
2025-12-26T07:00:00Z,93.12
2025-12-26T08:00:00Z,98.9
2025-12-26T09:00:00Z,96.73
2025-12-26T10:00:00Z,89.25
2025-12-26T11:00:00Z,84.99
2025-12-26T12:00:00Z,82.31
2025-12-26T13:00:00Z,83.1
2025-12-26T14:00:00Z,92.7
2025-12-26T15:00:00Z,109.14
2025-12-26T16:00:00Z,116.77
2025-12-26T17:00:00Z,120.47
2025-12-26T18:00:00Z,116.97
2025-12-26T19:00:00Z,116.26
2025-12-26T20:00:00Z,113.73
2025-12-26T21:00:00Z,111.5
2025-12-26T22:00:00Z,108.26
2025-12-26T23:00:00Z,99.37
2025-12-27T00:00:00Z,96.69
2025-12-27T01:00:00Z,91.73
2025-12-27T02:00:00Z,84.71
2025-12-27T03:00:00Z,82.72
2025-12-27T04:00:00Z,84.0
2025-12-27T05:00:00Z,83.17
2025-12-27T06:00:00Z,88.02
2025-12-27T07:00:00Z,99.51
2025-12-27T08:00:00Z,102.32
2025-12-27T09:00:00Z,93.81
2025-12-27T10:00:00Z,80.03
2025-12-27T11:00:00Z,75.4
2025-12-27T12:00:00Z,74.54
2025-12-27T13:00:00Z,76.74
2025-12-27T14:00:00Z,81.2
2025-12-27T15:00:00Z,94.54
2025-12-27T16:00:00Z,103.01
2025-12-27T17:00:00Z,105.93
2025-12-27T18:00:00Z,108.43
2025-12-27T19:00:00Z,105.0
2025-12-27T20:00:00Z,102.59
2025-12-27T21:00:00Z,93.9
2025-12-27T22:00:00Z,95.42
2025-12-27T23:00:00Z,91.3
2025-12-28T00:00:00Z,84.34
2025-12-28T01:00:00Z,83.37
2025-12-28T02:00:00Z,79.96
2025-12-28T03:00:00Z,78.82
2025-12-28T04:00:00Z,80.45
2025-12-28T05:00:00Z,83.61
2025-12-28T06:00:00Z,86.48
2025-12-28T07:00:00Z,92.15
2025-12-28T08:00:00Z,97.36
2025-12-28T09:00:00Z,96.57
2025-12-28T10:00:00Z,88.21
2025-12-28T11:00:00Z,88.37
2025-12-28T12:00:00Z,80.02
2025-12-28T13:00:00Z,80.03
2025-12-28T14:00:00Z,86.68
2025-12-28T15:00:00Z,100.87
2025-12-28T16:00:00Z,110.88
2025-12-28T17:00:00Z,113.7
2025-12-28T18:00:00Z,114.46
2025-12-28T19:00:00Z,109.33
2025-12-28T20:00:00Z,105.01
2025-12-28T21:00:00Z,99.03
2025-12-28T22:00:00Z,98.28
2025-12-28T23:00:00Z,88.44
2025-12-29T00:00:00Z,89.88
2025-12-29T01:00:00Z,84.98
2025-12-29T02:00:00Z,84.18
2025-12-29T03:00:00Z,82.19
2025-12-29T04:00:00Z,83.62
2025-12-29T05:00:00Z,90.79
2025-12-29T06:00:00Z,96.33
2025-12-29T07:00:00Z,104.72
2025-12-29T08:00:00Z,113.88
2025-12-29T09:00:00Z,111.01
2025-12-29T10:00:00Z,97.65
2025-12-29T11:00:00Z,90.35
2025-12-29T12:00:00Z,87.66
2025-12-29T13:00:00Z,88.52
2025-12-29T14:00:00Z,96.1
2025-12-29T15:00:00Z,103.51
2025-12-29T16:00:00Z,108.66
2025-12-29T17:00:00Z,107.01
2025-12-29T18:00:00Z,103.31
2025-12-29T19:00:00Z,95.15
2025-12-29T20:00:00Z,90.37
2025-12-29T21:00:00Z,83.25
2025-12-29T22:00:00Z,87.91
2025-12-29T23:00:00Z,83.34
2025-12-30T00:00:00Z,77.86
2025-12-30T01:00:00Z,73.22
2025-12-30T02:00:00Z,71.86
2025-12-30T03:00:00Z,69.36
2025-12-30T04:00:00Z,68.54
2025-12-30T05:00:00Z,71.99
2025-12-30T06:00:00Z,80.02
2025-12-30T07:00:00Z,87.97
2025-12-30T08:00:00Z,94.88
2025-12-30T09:00:00Z,94.39
2025-12-30T10:00:00Z,85.82
2025-12-30T11:00:00Z,79.38
2025-12-30T12:00:00Z,76.16
2025-12-30T13:00:00Z,76.76
2025-12-30T14:00:00Z,88.97
2025-12-30T15:00:00Z,102.33
2025-12-30T16:00:00Z,109.1
2025-12-30T17:00:00Z,110.71
2025-12-30T18:00:00Z,109.12
2025-12-30T19:00:00Z,105.61
2025-12-30T20:00:00Z,101.04
2025-12-30T21:00:00Z,93.32
2025-12-30T22:00:00Z,92.05
2025-12-30T23:00:00Z,85.81
2025-12-31T00:00:00Z,88.08
2025-12-31T01:00:00Z,84.34
2025-12-31T02:00:00Z,80.21
2025-12-31T03:00:00Z,76.58
2025-12-31T04:00:00Z,74.93
2025-12-31T05:00:00Z,77.38
2025-12-31T06:00:00Z,81.87
2025-12-31T07:00:00Z,85.28
2025-12-31T08:00:00Z,95.79
2025-12-31T09:00:00Z,95.34
2025-12-31T10:00:00Z,89.26
2025-12-31T11:00:00Z,83.48
2025-12-31T12:00:00Z,83.05
2025-12-31T13:00:00Z,85.17
2025-12-31T14:00:00Z,85.18
2025-12-31T15:00:00Z,90.83
2025-12-31T16:00:00Z,100.71
2025-12-31T17:00:00Z,110.1
2025-12-31T18:00:00Z,107.53
2025-12-31T19:00:00Z,95.99
2025-12-31T20:00:00Z,86.8
2025-12-31T21:00:00Z,79.8
2025-12-31T22:00:00Z,81.39
2025-12-31T23:00:00Z,76.45
