uuid,capex,cos_phi_rated,cp_characteristic,eta_conv,hub_height,id,opex,rotor_area,s_rated
b70374f3-1feb-45af-8011-1304a532d398,0.0,0.9,"cP:{(0.0000000000,0.0000000000),(1.0000000000,0.0000000000),(2.0000000000,0.1159335160),(3.0000000000,0.2862555950),(4.0000000000,0.3961061800),(5.0000000000,0.4303452110),(6.0000000000,0.4594402300),(7.0000000000,0.4795073310),(8.0000000000,0.4921136230),(9.0000000000,0.5004171880),(10.0000000000,0.4884665470),(11.0000000000,0.4204150540),(12.0000000000,0.3542412990),(13.0000000000,0.2884705910),(14.0000000000,0.2309657020),(15.0000000000,0.1877836700),(16.0000000000,0.1547289760),(17.0000000000,0.1289985520),(18.0000000000,0.1086711060),(19.0000000000,0.0923997500),(20.0000000000,0.0792212360),(21.0000000000,0.0684342820),(22.0000000000,0.0595200870),(23.0000000000,0.0520892490),(24.0000000000,0.0458456230),(25.0000000000,0.0405612730),(26.0000000000,0.0360588240),(27.0000000000,0.0321988460),(28.0000000000,0.0166182640),(29.0000000000,0.0103309760),(30.0000000000,0.0060915190),(31.0000000000,0.0033311770),(32.0000000000,0.0016416370),(33.0000000000,0.0007054230),(34.0000000000,0.0001966440),(35.0000000000,0.0000000000),(36.0000000000,0.0000000000),(37.0000000000,0.0000000000),(38.0000000000,0.0000000000),(39.0000000000,0.0000000000),(40.0000000000,0.0000000000),(41.0000000000,0.0000000000),(42.0000000000,0.0000000000),(43.0000000000,0.0000000000),(44.0000000000,0.0000000000),(45.0000000000,0.0000000000),(46.0000000000,0.0000000000),(47.0000000000,0.0000000000),(48.0000000000,0.0000000000),(49.0000000000,0.0000000000),(50.0000000000,0.0000000000)}",100.0,98.0,EnerconE-82,0.0,5281.02,2222.2
