uuid,b,g,i_max,id,r,v_rated,x
9a8e9b63-af21-4c1b-8db7-fc2924f9610e,273.31899999999996,0.0,357.0,NAYY 4x240SE 0.6/1kV,0.1267,0.4,0.0797965
