uuid,b_m,d_phi,d_v,g_m,id,r_sc,s_rated,tap_max,tap_min,tap_neutr,tap_side,v_rated_a,v_rated_b,x_sc
97735722-05cc-4ca8-8a8d-c08ac3ded19a,-36.47380569074435,0.0,2.5,4124.999999999999,0.63 MVA 20/0.4 kV Dyn5 ASEA,6.953892668178382,630.0,2,-2,0,false,20.0,0.4,37.45518044666632
