uuid;b;g;i_max;id;r;v_rated;x
166050e6-abf9-4fe4-869d-991ec07a0f59;273.31899999999996;0.0;357.0;NAYY 4x240SE 0.6/1kV;0.1267;0.4;0.0797965
