uuid;albedo;azimuth;cos_phi_rated;elevation_angle;eta_conv;id;k_g;k_t;market_reaction;node;operates_from;operates_until;operator;q_characteristics;s_rated;em
a1eb7fc1-3bee-4b65-a387-ef3046644bf0;0.20000000298023224;4.093344211578369;0.8999999761581421;37.69556427001953;97.0;LV5.201 PV 10;0.8999999761581421;1.0;false;dc54bd8a-b7d8-4e99-adb0-d6ee5084241c;;;;"cosPhiFixed:{(0.0,0.9)}";4.2;f9dc7ce6-658c-4101-a12f-d58bb889286b
de8cfef5-7620-4b9e-9a10-1faebb5a80c0;0.20000000298023224;4.093344211578369;0.8999999761581421;37.69556427001953;97.0;LV5.201 PV 11;0.8999999761581421;1.0;false;3e6be3ac-2b51-4080-b815-391313612fc7;;;;"cosPhiFixed:{(0.0,0.9)}";10.9;957938b7-0476-4fab-a1b3-6ce8615857b3
2560c371-f420-4c2a-b4e6-e04c11b64c03;0.20000000298023224;0.7802008390426636;0.8999999761581421;40.086585998535156;98.0;LV5.201 PV 15;0.8999999761581421;1.0;false;43040a39-8b6c-401f-9dfd-82b42aa6dec6;;;;"cosPhiFixed:{(0.0,0.9)}";2.9;c3a7e9f5-b492-4c85-af2d-1e93f6a25443
